INSERT INTO `references_table` (`id`, `name`, `categories`, `section`, `table`, `options`, `created_at`, `updated_at`) VALUES
(1, 'Civil', 'type_branch_law', NULL, 'cases', NULL, '2019-10-31 15:44:27', '2019-10-31 15:44:27'),
(2, 'Familia', 'type_branch_law', NULL, 'cases', NULL, '2019-10-31 15:44:27', '2019-10-31 15:44:27'),
(3, 'Consulta simple', 'type_case', NULL, 'cases', NULL, '2019-10-31 15:44:27', '2019-10-31 15:44:27'),
(4, 'Consulta compleja', 'type_case', NULL, 'cases', NULL, '2019-10-31 15:44:27', '2019-10-31 15:44:27'),
(5, 'NIT', 'type_identification', NULL, 'users', NULL, '2019-10-31 15:44:27', '2019-10-31 15:44:27'),
(6, 'CC', 'type_identification', NULL, 'users', NULL, '2019-10-31 15:44:27', '2019-10-31 15:44:27'),
(7, 'Cliente', 'type_user_case', NULL, 'user_cases', NULL, '2019-10-31 15:44:27', '2019-10-31 15:44:27'),
(8, 'Profesional', 'type_user_case', NULL, 'user_cases', NULL, '2019-10-31 15:44:27', '2019-10-31 15:44:27'),
(9, 'En Fase - Preprocesal', 'type_status', NULL, 'cases', 'warning', '2019-10-31 15:44:27', '2019-10-31 15:44:27'),
(10, 'Cerrado', 'type_status', NULL, 'cases', 'success', '2019-10-31 15:44:27', '2019-10-31 15:44:27'),
(11, 'Activo', 'type_status', NULL, 'case_log', NULL, '2019-10-31 15:44:27', '2019-10-31 15:44:27'),
(12, 'Departamento', 'type_data_case', NULL, 'cases', NULL, '2019-10-31 15:44:27', '2019-10-31 15:44:27'),
(13, 'Municipio', 'type_data_case', NULL, 'cases', NULL, '2019-10-31 15:44:27', '2019-10-31 15:44:27'),
(14, 'Hechos', 'type_data_case', NULL, 'cases', NULL, '2019-10-31 15:44:27', '2019-10-31 15:44:27'),
(15, 'En papelera', 'type_status', 'all', 'all', NULL, '2019-10-31 15:44:27', '2019-10-31 15:44:27'),
(16, 'Sin confirmar cuenta', 'type_status', 'null', 'users', NULL, '2019-10-31 15:44:27', '2019-10-31 15:44:27'),
(17, 'juzgado', 'type_data_case', 'cases', 'case_data', NULL, '2019-10-31 15:44:27', '2019-10-31 15:44:27'),
(18, 'Actuación', 'type_log', NULL, 'case_log', NULL, '2019-10-31 15:44:27', '2019-10-31 15:44:27'),
(19, 'Novedad', 'type_log', NULL, 'case_log', NULL, '2019-10-31 15:44:27', '2019-10-31 15:44:27'),
(20, 'Anexo', 'type_log', NULL, 'case_log', NULL, '2019-10-31 15:44:27', '2019-10-31 15:44:27'),
(21, 'Demandado', 'type_user_case', NULL, 'user_cases', NULL, '2019-10-31 15:44:27', '2019-10-31 15:44:27'),
(22, 'Documento', 'type_log', NULL, 'case_log', NULL, '2019-10-31 15:44:27', '2019-10-31 15:44:27'),
(23, 'Notificación\r\n', 'type_log', NULL, 'case_log', NULL, '2019-10-31 15:44:27', '2019-10-31 15:44:27'),
(24, 'novedades', 'type_data_case', NULL, 'case_data', NULL, '2019-10-31 15:44:27', '2019-10-31 15:44:27'),
(25, 'Interventor', 'type_user_case', NULL, 'user_cases', NULL, '2020-04-20 16:56:14', '2020-04-20 16:56:14'),
(26, 'texto', 'type_aditional_data', NULL, 'aditional_data', NULL, '2020-04-20 16:57:16', '2020-04-20 16:57:16'),
(27, 'Acta', 'category_id', 'library', 'library', NULL, '2020-04-22 01:00:00', '2020-04-22 01:00:00'),
(28, 'Jurisprudencia', 'category_id', 'library', 'library', NULL, '2020-04-22 01:00:00', '2020-04-22 01:00:00'),
(29, 'Plantilla', 'category_id', 'library', 'library', NULL, '2020-04-22 01:00:00', '2020-04-22 01:00:00'),
(30, 'Resolución', 'category_id', 'library', 'library', NULL, '2020-04-22 01:00:00', '2020-04-22 01:00:00'),
(31, 'Ley', 'category_id', 'library', 'library', NULL, '2020-04-22 01:00:00', '2020-04-22 01:00:00'),
(32, 'Decreto', 'category_id', 'library', 'library', NULL, '2020-04-22 01:00:00', '2020-04-22 01:00:00'),
(33, 'De apoyo', 'type_log', 'case_log', 'case_log', NULL, '2019-10-31 15:44:27', '2019-10-31 15:44:27'),
(34, 'Notificación', 'type_default_log', 'case_log', 'case_log', NULL, '2019-10-31 15:44:27', '2019-10-31 15:44:27'),
(35, 'Documentos', 'type_category_default_log', 'case_log', 'case_log', NULL, '2019-10-31 15:44:27', '2019-10-31 08:21:20'),
(36, 'Invitado', 'type_user_case', NULL, 'user_cases', NULL, '2019-10-31 15:44:27', '2019-10-31 15:44:27'),
(37, 'Consulta - Asesoría', 'type_category_pay', 'base', 'payments', NULL, '2020-04-20 16:56:14', '2020-04-20 16:56:14'),
(38, 'Honorarios', 'type_category_pay', 'base', 'payments', NULL, '2020-04-20 16:56:14', '2020-04-20 16:56:14'),
(39, 'Contado', 'type_payment', 'base', 'payments', NULL, '2020-04-20 16:56:14', '2020-04-20 16:56:14'),
(40, 'Crédito', 'type_payment', 'base', 'payments', NULL, '2020-04-20 16:56:14', '2020-04-20 16:56:14'),
(41, 'Diario', 'type_periodpay', 'base', 'payments', NULL, '2020-04-20 16:56:14', '2020-04-20 16:56:14'),
(42, 'Semanal', 'type_periodpay', 'base', 'payments', NULL, '2020-04-20 16:56:14', '2020-04-20 16:56:14'),
(43, 'Quincenal', 'type_periodpay', 'base', 'payments', NULL, '2020-04-20 16:56:14', '2020-04-20 16:56:14'),
(44, 'Mensual', 'type_periodpay', 'base', 'payments', NULL, '2020-04-20 16:56:14', '2020-04-20 16:56:14'),
(45, 'Bimestral', 'type_periodpay', 'base', 'payments', NULL, '2020-04-20 16:56:14', '2020-04-20 16:56:14'),
(46, 'Trimestral', 'type_periodpay', 'base', 'payments', NULL, '2020-04-20 16:56:14', '2020-04-20 16:56:14'),
(47, 'Semestral', 'type_periodpay', 'base', 'payments', NULL, '2020-04-20 16:56:14', '2020-04-20 16:56:14'),
(48, 'DIA', 'type_periodpay_default', 'base', 'payments', NULL, '2020-04-20 16:56:14', '2020-04-20 16:56:14'),
(49, 'En proceso de estudio', 'type_status', NULL, 'cases', 'warning', '2020-04-20 16:56:14', '2020-04-20 16:56:14'),
(50, 'En proceso de remisión', 'type_status', NULL, 'cases', 'warning', '2020-04-20 16:56:14', '2020-04-20 16:56:14'),
(51, 'Remitido', 'type_status', NULL, 'cases', 'success', '2020-04-20 16:56:14', '2020-04-20 16:56:14'),
(52, 'En proceso de seguimiento', 'type_status', NULL, 'cases', 'warning', '2020-04-20 16:56:14', '2020-04-20 16:56:14'),
(53, 'Pago confirmado', 'type_status', 'base', 'payments', NULL, '2020-04-20 16:56:14', '2020-04-20 16:56:14'),
(54, 'Evidencia pago', 'type_support_file', NULL, 'payments', NULL, '2019-10-31 15:44:27', '2019-10-31 15:44:27'),
(55, 'Factura de cobro', 'type_support_file', NULL, 'payments', NULL, '2019-10-31 15:44:27', '2019-10-31 15:44:27'),
(56, 'Factura pagada', 'type_support_file', NULL, 'payments', NULL, '2019-10-31 15:44:27', '2019-10-31 15:44:27'),
(57, 'Por confirmar cobro', 'type_status', 'base', 'payments', NULL, '2020-04-20 16:56:14', '2020-04-20 16:56:14'),
(58, 'Selección múltiple única respuesta', 'type_aditional_data', NULL, 'aditional_data', NULL, '2020-05-23 13:05:22', '2020-05-23 13:05:22'),
(59, 'Laboral', 'type_branch_law', NULL, 'cases', NULL, '2019-10-31 15:44:27', '2019-10-31 15:44:27'),
(60, 'Penal', 'type_branch_law', NULL, 'cases', NULL, '2019-10-31 15:44:27', '2019-10-31 15:44:27'),
(61, 'Transito', 'type_branch_law', NULL, 'cases', NULL, '2019-10-31 15:44:27', '2019-10-31 15:44:27'),
(62, 'Constitucional', 'type_branch_law', NULL, 'cases', NULL, '2019-10-31 15:44:27', '2019-10-31 15:44:27'),
(63, 'Violencia Intrafamiliar', 'type_branch_law', NULL, 'cases', NULL, '2019-10-31 15:44:27', '2019-10-31 15:44:27'),
(64, 'Adolecentes Infractores', 'type_branch_law', NULL, 'cases', NULL, '2019-10-31 15:44:27', '2019-10-31 15:44:27'),
(65, 'Sede Administrativa', 'type_branch_law', NULL, 'cases', NULL, '2019-10-31 15:44:27', '2019-10-31 15:44:27'),
(66, 'Contencioso Administrativo', 'type_branch_law', NULL, 'cases', NULL, '2019-10-31 15:44:27', '2019-10-31 15:44:27'),
(67, 'Tributario', 'type_branch_law', NULL, 'cases', NULL, '2019-10-31 15:44:27', '2019-10-31 15:44:27'),
(68, 'Ambiental', 'type_branch_law', NULL, 'cases', NULL, '2019-10-31 15:44:27', '2019-10-31 15:44:27'),
(69, 'Proceso archivado', 'type_status', NULL, 'cases', 'success', '2019-10-31 15:44:27', '2019-10-31 15:44:27'),
(70, 'Por Citar', 'type_status', NULL, 'cases', 'danger', '2019-10-31 15:44:27', '2019-10-31 15:44:27'),
(71, 'Citado', 'type_status', NULL, 'cases', 'success', '2019-10-31 15:44:27', '2019-10-31 15:44:27'),
(72, 'Por Notificar', 'type_status', NULL, 'cases', 'warning', '2019-10-31 15:44:27', '2019-10-31 15:44:27'),
(73, 'Notificado', 'type_status', NULL, 'cases', 'success', '2019-10-31 15:44:27', '2019-10-31 15:44:27'),
(74, 'Por Realizar demanda', 'type_status', NULL, 'cases', 'danger', '2019-10-31 15:44:27', '2019-10-31 15:44:27'),
(75, 'Demanda Realizada', 'type_status', NULL, 'cases', 'success', '2019-10-31 15:44:27', '2019-10-31 15:44:27'),
(76, 'Por completar demanda', 'type_status', NULL, 'cases', 'warning', '2019-10-31 15:44:27', '2019-10-31 15:44:27'),
(77, 'Por realizar contestación', 'type_status', NULL, 'cases', 'danger', '2019-10-31 15:44:27', '2019-10-31 15:44:27'),
(78, 'Contestación Realizada', 'type_status', NULL, 'cases', 'success', '2019-10-31 15:44:27', '2019-10-31 15:44:27'),
(79, 'Por completar contestación', 'type_status', NULL, 'cases', 'warning', '2019-10-31 15:44:27', '2019-10-31 15:44:27'),
(80, 'Comparecencia al juzgado', 'type_status', NULL, 'cases', 'danger', '2019-10-31 15:44:27', '2019-10-31 15:44:27'),
(81, 'Por realizar recursos horizontales', 'type_status', NULL, 'cases', 'warning', '2019-10-31 15:44:27', '2019-10-31 15:44:27'),
(82, 'Por realizar recursos verticales', 'type_status', NULL, 'cases', 'warning', '2019-10-31 15:44:27', '2019-10-31 15:44:27'),
(83, 'Por realizar recursos extraordinarios', 'type_status', NULL, 'cases', 'warning', '2019-10-31 15:44:27', '2019-10-31 15:44:27'),
(84, 'A la espera de un documento', 'type_status', NULL, 'cases', 'warning', '2019-10-31 15:44:27', '2019-10-31 15:44:27'),
(85, 'Por entregar un documento', 'type_status', NULL, 'cases', 'danger', '2019-10-31 15:44:27', '2019-10-31 15:44:27'),
(86, 'Por fijar audiencia', 'type_status', NULL, 'cases', 'warning', '2019-10-31 15:44:27', '2019-10-31 15:44:27'),
(87, 'Con fecha de audiencia', 'type_status', NULL, 'cases', 'success', '2019-10-31 15:44:27', '2019-10-31 15:44:27'),
(88, 'Con sentencia', 'type_status', NULL, 'cases', 'success', '2019-10-31 15:44:27', '2019-10-31 15:44:27'),
(89, 'Con sentencia y no admite recursos', 'type_status', NULL, 'cases', 'danger', '2019-10-31 15:44:27', '2019-10-31 15:44:27'),
(90, 'Por realizar reconvención', 'type_status', NULL, 'cases', 'danger', '2019-10-31 15:44:27', '2019-10-31 15:44:27'),
(91, 'Reconvención presentada', 'type_status', NULL, 'cases', 'success', '2019-10-31 15:44:27', '2019-10-31 15:44:27'),
(92, 'Genera nulidad absoluta', 'type_status', NULL, 'cases', 'danger', '2019-10-31 15:44:27', '2019-10-31 15:44:27'),
(93, 'Genera nulidad relativa', 'type_status', NULL, 'cases', 'warning', '2019-10-31 15:44:27', '2019-10-31 15:44:27'),
(94, 'Diligencias', 'type_status', NULL, 'cases', 'warning', '2019-10-31 15:44:27', '2019-10-31 15:44:27'),
(95, 'En Abandono del proceso', 'type_status', NULL, 'cases', 'success', '2019-10-31 15:44:27', '2019-10-31 15:44:27'),
(96, 'Consulta de reacción inmediata', 'type_case', NULL, 'cases', NULL, '2019-10-31 15:44:27', '2019-10-31 15:44:27'),
(97, 'Civil', 'type_branch_law_library', NULL, 'library', NULL, '2019-10-31 15:44:27', '2019-10-31 15:44:27'),
(98, 'Familia', 'type_branch_law_library', NULL, 'library', NULL, '2019-10-31 15:44:27', '2019-10-31 15:44:27'),
(99, 'Laboral', 'type_branch_law_library', NULL, 'library', NULL, '2019-10-31 15:44:27', '2019-10-31 15:44:27'),
(100, 'Penal', 'type_branch_law_library', NULL, 'library', NULL, '2019-10-31 15:44:27', '2019-10-31 15:44:27'),
(101, 'Constitucional', 'type_branch_law_library', NULL, 'library', NULL, '2019-10-31 15:44:27', '2019-10-31 15:44:27'),
(102, 'Administrativo', 'type_branch_law_library', NULL, 'library', NULL, '2019-10-31 15:44:27', '2019-10-31 15:44:27'),
(103, 'Gastos procesales', 'type_category_pay', 'base', 'payments', NULL, '2020-04-20 16:56:14', '2020-04-20 16:56:14'),
(104, 'Viáticos', 'type_category_pay', 'base', 'payments', NULL, '2020-04-20 16:56:14', '2020-04-20 16:56:14'),
(105, 'Notificación demandado\r\n', 'type_log', NULL, 'case_log', NULL, '2019-10-31 15:44:27', '2019-10-31 15:44:27'),
(110, 'Pagado', 'type_status', 'base', 'payment_credits', NULL, '2020-04-20 16:56:14', '2020-04-20 16:56:14'),
(111, 'Por pagar', 'type_status', 'base', 'payment_credits', NULL, '2020-04-20 16:56:14', '2020-04-20 16:56:14'),
(112, 'Vencido', 'type_status', 'base', 'payment_credits', NULL, '2020-04-20 16:56:14', '2020-04-20 16:56:14'),
(113, 'Efectivo', 'type_payment_method', 'base', 'payment_credits', NULL, '2020-04-20 16:56:14', '2020-04-20 16:56:14'),
(114, 'Transferencia bancaria', 'type_payment_method', 'base', 'payment_credits', NULL, '2020-04-20 16:56:14', '2020-04-20 16:56:14'),
(115, 'Pago virtual', 'type_payment_method', 'base', 'payment_credits', NULL, '2020-04-20 16:56:14', '2020-04-20 16:56:14'),
(116, 'Por confirmar pago', 'type_status', 'base', 'payment_credits', 'NULL', '2020-04-20 16:56:14', '2020-04-20 16:56:14'),
(117, 'Se constituyó un delito', 'type_data_case', NULL, 'cases', NULL, '2019-10-31 15:44:27', '2019-10-31 15:44:27'),
(118, 'Daños causados', 'type_data_case', NULL, 'cases', NULL, '2019-10-31 15:44:27', '2019-10-31 15:44:27'),
(119, 'Tipo de riesgo', 'type_data_case', NULL, 'cases', NULL, '2019-10-31 15:44:27', '2019-10-31 15:44:27'),
(120, 'Características del riesgo', 'type_data_case', NULL, 'cases', NULL, '2019-10-31 15:44:27', '2019-10-31 15:44:27'),
(121, 'Ocurrencia', 'type_data_case', NULL, 'cases', NULL, '2019-10-31 15:44:27', '2019-10-31 15:44:27'),
(122, 'Análisis del contexto del caso', 'type_data_case', NULL, 'cases', NULL, '2019-10-31 15:44:27', '2019-10-31 15:44:27'),
(123, 'Qué ruta debe seguir', 'type_data_case', NULL, 'cases', NULL, '2019-10-31 15:44:27', '2019-10-31 15:44:27'),
(124, 'Nombre completo de la persona afectada', 'type_data_case', NULL, 'cases', NULL, '2019-10-31 15:44:27', '2019-10-31 15:44:27'),
(125, 'Cédula persona afectada.', 'type_data_case', NULL, 'cases', NULL, '2019-10-31 15:44:27', '2019-10-31 15:44:27'),
(126, 'Número de celular de la persona afectada', 'type_data_case', NULL, 'cases', NULL, '2019-10-31 15:44:27', '2019-10-31 15:44:27'),
(127, 'Correo electrónico de la persona afectada', 'type_data_case', NULL, 'cases', NULL, '2019-10-31 15:44:27', '2019-10-31 15:44:27'),
(128, 'Corregimiento/vereda/barrio', 'type_data_case', NULL, 'cases', NULL, '2019-10-31 15:44:27', '2019-10-31 15:44:27'),
(129, 'Lugar de los hechos', 'type_data_case', NULL, 'cases', NULL, '2019-10-31 15:44:27', '2019-10-31 15:44:27'),
(130, 'Fecha de los hechos', 'type_data_case', NULL, 'cases', NULL, '2019-10-31 15:44:27', '2019-10-31 15:44:27'),
(131, 'Número de personas afectadas', 'type_data_case', NULL, 'cases', NULL, '2019-10-31 15:44:27', '2019-10-31 15:44:27'),
(132, 'Personas/organizaciones afectadas', 'type_data_case', NULL, 'cases', NULL, '2019-10-31 15:44:27', '2019-10-31 15:44:27'),
(133, 'Presuntos agresores', 'type_data_case', NULL, 'cases', NULL, '2019-10-31 15:44:27', '2019-10-31 15:44:27'),
(134, 'El medio por el que se realizó la agresión', 'type_data_case', NULL, 'cases', NULL, '2019-10-31 15:44:27', '2019-10-31 15:44:27'),
(135, 'Evidencias', 'type_data_case', NULL, 'cases', NULL, '2019-10-31 15:44:27', '2019-10-31 15:44:27'),
(136, 'Selección múltiple varias respuestas', 'type_aditional_data', NULL, 'aditional_data', NULL, '2020-05-23 13:05:22', '2020-05-23 13:05:22'),
(137, 'Enviado', 'type_status', NULL, 'panic_alerts', NULL, '2019-10-31 15:44:27', '2019-10-31 15:44:27'),
(138, 'Recibido', 'type_status', NULL, 'panic_alerts', NULL, '2021-02-02 16:16:26', '2020-12-29 17:11:22'),
(139, 'Sin responder', 'type_status', NULL, 'panic_alerts', NULL, '2021-02-02 16:16:26', '2020-12-29 17:11:22'),
(140, 'Fecha de evento', 'type_data_case', NULL, 'cases', NULL, '2019-10-31 20:44:27', '2019-10-31 20:44:27'),
(141, 'Activo', 'type_status', 'null', 'users', NULL, '2019-10-31 20:44:27', '2019-10-31 20:44:27'),
(142, 'En recepción', 'type_status', NULL, 'receptions', NULL, '2019-10-31 20:44:27', '2019-10-31 20:44:27'),
(143, 'Aceptada desde caso', 'type_status', NULL, 'receptions', NULL, '2019-10-31 20:44:27', '2019-10-31 20:44:27'),
(144, 'Aceptada desde recepción', 'type_status', NULL, 'receptions', NULL, '2019-10-31 20:44:27', '2019-10-31 20:44:27'),
(145, 'Informe de contexto', 'type_case', NULL, 'cases', NULL, '2019-10-31 15:44:27', '2019-10-31 15:44:27');

INSERT INTO `references_data` (`id`, `name`, `short_name`, `categories`, `section`, `is_visible`, `table`, `type_data_id`, `created_at`, `updated_at`) VALUES
(8, 'Documento', 'documento', 'type_category_default_log', 'case_log', 0, 'case_log', 26, '2020-06-07 09:36:25', '2020-06-07 09:36:25'),
(9, 'Documento de cliente', 'documento_de_cliente', 'type_category_default_log', 'case_log', 0, 'case_log', 26, '2020-06-07 09:36:25', '2020-06-07 09:36:25'),
(11, 'Organización', 'organizacion', 'type_data_user', 'about_me', 1, 'users', 26, '2020-04-20 01:57:16', '2024-05-28 05:19:50'),
(12, 'Municipio', 'municipio', 'type_data_user', 'about_me', 1, 'users', 26, '2020-04-20 01:57:16', '2020-04-20 01:57:16'),
(17, '¿Hace parte usted de la comunidad LGTBI?', 'hace_parte_usted_de_la_comunidad_lgtbi', 'type_data_user', 'aditional_info', 1, 'users', 58, '2020-07-03 22:15:17', '2024-05-28 05:19:50'),
(27, 'Sector', 'sector', 'type_data_user', 'about_me', 1, 'users', 26, '2020-09-18 21:30:32', '2020-09-19 17:12:39'),
(28, 'EPS', 'eps', 'type_data_user', 'case', 1, 'users', 26, '2020-09-18 22:29:30', '2022-03-11 22:00:56'),
(30, 'Documentos del cliente', 'documentos_del_cliente', 'type_category_log', 'case_log', 1, 'case_log', 26, '2020-09-19 01:11:36', '2020-09-19 01:11:36'),
(32, 'DATOS DE CLIENTE', 'datos_de_cliente', 'type_category_log', 'case_log', 1, 'case_log', 26, '2020-09-19 01:13:48', '2020-09-19 02:41:55'),
(34, 'DOCUMENTOS EXPEDIENTE JUDICIAL', 'documentos_expediente_judicial', 'type_category_log', 'case_log', 1, 'case_log', 26, '2020-09-19 02:33:59', '2020-09-19 02:33:59'),
(35, 'DOCUMENTOS APOYO', 'documentos_apoyo', 'type_category_log', NULL, 1, 'case_log', 26, '2020-09-19 02:41:22', '2020-09-19 02:41:22'),
(40, 'datos del clientes', 'datos_del_clientes', 'type_category_log', 'case_log', 1, 'case_log', 26, '2020-09-19 02:55:45', '2020-09-19 02:55:45'),
(42, 'Domicilio', 'domicilio', 'type_data_user', 'case', 1, 'users', 26, '2020-09-19 17:24:08', '2020-10-29 20:00:57'),
(47, 'URL', 'url', 'type_data_directory', NULL, 1, 'directory', 26, '2020-09-30 05:14:19', '2020-09-30 05:14:19'),
(63, '¿Es usted victima de conflicto armado?', 'es_usted_victima_de_conflicto_armado', 'type_data_user', 'aditional_info', 1, 'users', 136, '2020-11-05 04:26:07', '2024-05-28 05:19:50'),
(70, 'Es usted', 'es_usted', 'type_data_user', 'aditional_info', 1, 'users', 136, '2020-11-05 15:41:08', '2021-02-15 19:25:56'),
(71, 'Sexo', 'sexo', 'type_data_user', 'aditional_info', 1, 'users', 58, '2020-11-08 20:30:53', '2020-11-09 01:12:18'),
(72, 'Seguimiento Psicológico', 'seguimiento_psicologico', 'type_category_log', 'case_log', 1, 'case_log', 0, '2021-02-04 18:44:51', '2024-05-28 05:19:50'),
(73, 'Municipio', 'municipio', 'type_data_directory', NULL, 1, 'directory', 58, '2021-02-05 21:39:50', '2021-02-05 21:39:50'),
(74, '¿Es lideresa/líder/defensora/defensor de Derechos Humanos?', 'es_lideresaliderdefensoradefensor_de_derechos_humanos', 'type_data_user', 'about_me', 1, 'users', 58, '2021-02-15 19:21:08', '2024-05-28 05:20:26'),
(75, 'Fecha de nacimiento', 'fecha_de_nacimiento', 'type_data_user', 'aditional_info', 1, 'users', 58, '2021-02-15 19:22:06', '2021-02-15 19:22:06'),
(76, 'Ocupación', 'ocupacion', 'type_data_user', 'aditional_info', 1, 'users', 58, '2021-02-15 19:22:29', '2024-05-28 05:20:26'),
(77, '¿Tiene usted alguna discapacidad? En caso de que su respuesta sea si, cual es', 'tiene_usted_alguna_discapacidad_en_caso_de_que_su_respuesta_sea_si_cual_es', 'type_data_user', 'aditional_info', 1, 'users', 58, '2021-02-15 19:23:50', '2024-05-28 05:20:26'),
(78, 'Municipio', 'municipio', 'type_data_directory', NULL, 1, 'directory', 58, '2021-02-15 19:29:32', '2021-02-15 19:29:32'),
(79, 'Tipo de conexión a internet', 'tipo_de_conexion_a_internet', 'type_data_user', 'aditional_info', 1, 'users', 58, '2021-03-02 17:33:09', '2024-05-28 05:20:26'),
(80, 'Que operador es su numero de celular', 'que_operador_es_su_numero_de_celular', 'type_data_user', 'aditional_info', 1, 'users', 58, '2021-03-02 17:36:32', '2021-03-02 17:36:32'),
(81, 'Seguimiento Jurídico', 'seguimiento_juridico', 'type_category_log', 'case_log', 1, 'case_log', 0, '2021-03-16 23:12:18', '2024-05-28 05:20:26'),
(82, 'Recepción jurídica del caso', 'recepcion_juridica_del_caso', 'type_category_log', 'case_log', 1, 'case_log', 0, '2021-05-10 15:59:32', '2024-05-28 05:20:26'),
(83, 'Recep', 'recep', 'type_category_log', 'case_log', 1, 'case_log', 0, '2021-05-20 20:48:22', '2021-05-20 20:48:22'),
(84, 'Registro a Plataforma Web', 'registro_a_plataforma_web', 'type_category_log', 'case_log', 1, 'case_log', 0, '2021-07-12 15:39:24', '2021-07-12 15:39:24'),
(85, 'Recepción del caso', 'recepcion_del_caso', 'type_category_log', 'case_log', 1, 'case_log', 0, '2021-07-12 15:44:05', '2024-05-28 05:20:26'),
(86, 'Información del caso', 'informacion_del_caso', 'type_category_log', 'case_log', 1, 'case_log', 0, '2021-07-12 15:47:59', '2024-05-28 05:20:26'),
(87, 'Asesoría Jurídica.', 'asesoria_juridica', 'type_category_log', 'case_log', 1, 'case_log', 0, '2021-08-23 19:53:02', '2024-05-28 05:20:26'),
(88, 'Solicitud a Fiscalía General de la Nación', 'solicitud_a_fiscalia_general_de_la_nacion', 'type_category_log', 'case_log', 1, 'case_log', 0, '2021-09-06 17:46:27', '2024-05-28 05:20:26'),
(89, 'Solicitud Representante Judicial', 'solicitud_representante_judicial', 'type_category_log', 'case_log', 1, 'case_log', 0, '2021-09-06 17:51:26', '2021-09-06 17:51:26'),
(90, 'Seguimiento a institucionalidad.', 'seguimiento_a_institucionalidad', 'type_category_log', 'case_log', 1, 'case_log', 0, '2021-09-06 17:52:56', '2024-05-28 05:20:26'),
(91, 'Asignación representante judicial de víctimas', 'asignacion_representante_judicial_de_victimas', 'type_category_log', 'case_log', 1, 'case_log', 0, '2021-09-06 21:41:14', '2024-05-28 05:20:26'),
(92, 'Remisión', 'remision', 'type_category_log', 'case_log', 1, 'case_log', 0, '2022-01-29 20:40:50', '2024-05-28 05:20:26'),
(93, 'Informe de contexto', 'informe_de_contexto', 'type_category_log', 'case_log', 1, 'case_log', 0, '2022-02-25 16:42:52', '2022-02-25 16:42:52'),
(94, 'Respuesta Defensoría del Pueblo Regional Tumaco', 'respuesta_defensoria_del_pueblo_regional_tumaco', 'type_category_log', 'case_log', 1, 'case_log', 0, '2022-02-25 22:49:25', '2024-05-28 05:20:26'),
(95, 'Ciudad', 'ciudad', 'type_data_user', 'case', 1, 'users', 26, '2024-05-28 01:45:30', '2024-05-28 01:45:30');

INSERT INTO `references_data_options` (`id`, `value`, `value_db`, `status`, `active_other_input`, `references_data_id`, `created_at`, `updated_at`) VALUES
(24, 'Afrocolombiana', 'afrocolombiana', 1, 0, 70, NULL, '2024-05-28 14:22:19'),
(25, 'Room', 'room', 1, 0, 70, NULL, '2024-05-28 14:22:19'),
(26, 'Si', 'si', 1, 0, 63, NULL, '2024-05-28 14:22:19'),
(27, 'No', 'no', 1, 0, 63, NULL, '2024-05-28 14:22:19'),
(28, 'Hombre', 'hombre', 1, 0, 71, NULL, '2024-05-28 14:22:19'),
(29, 'Mujer', 'mujer', 1, 0, 71, NULL, '2024-05-28 14:22:19'),
(30, 'Otro', 'otro', 1, 1, 71, NULL, '2024-05-28 14:22:19'),
(31, 'Gitana', 'gitana', 1, 0, 70, NULL, '2024-05-28 14:22:19'),
(32, 'Indígena', 'indigena', 1, 0, 70, NULL, '2024-05-28 14:22:19'),
(33, 'Otro', 'otro', 1, 1, 70, NULL, '2024-05-28 14:22:19'),
(34, 'Si', 'si', 1, 1, 77, NULL, '2024-05-28 14:22:19'),
(35, 'No', 'no', 1, 0, 77, NULL, '2024-05-28 14:22:19'),
(36, 'Si', 'si', 1, 1, 17, NULL, '2024-05-28 14:22:19'),
(37, 'No', 'no', 1, 0, 17, NULL, '2024-05-28 14:22:19'),
(38, 'Fija/internet hogar', 'fijainternet_hogar', 1, 0, 79, NULL, '2024-05-28 14:22:19'),
(39, 'Plan de datos', 'plan_de_datos', 1, 0, 79, NULL, '2024-05-28 14:22:19'),
(40, 'Recargas', 'recargas', 1, 0, 79, NULL, '2024-05-28 14:22:19'),
(41, 'Otro', 'otro', 1, 1, 79, NULL, '2024-05-28 14:22:19'),
(42, 'Claro', 'claro', 1, 0, 80, NULL, '2024-05-28 14:22:19'),
(43, 'Movistar', 'movistar', 1, 0, 80, NULL, '2024-05-28 14:22:19'),
(44, 'Tigo', 'tigo', 1, 0, 80, NULL, '2024-05-28 14:22:19'),
(45, 'Éxito', 'exito', 1, 0, 80, NULL, '2024-05-28 14:22:19'),
(46, 'Virgin Mobile', 'virgin_mobile', 1, 0, 80, NULL, '2024-05-28 14:22:20'),
(47, 'Uffmovil', 'uffmovil', 1, 0, 80, NULL, '2024-05-28 14:22:20'),
(48, 'ETB', 'etb', 1, 0, 80, NULL, '2024-05-28 14:22:20'),
(49, 'Avantel', 'avantel', 1, 0, 80, NULL, '2024-05-28 14:22:20'),
(50, 'Otro', 'otro', 1, 1, 80, NULL, '2024-05-28 14:22:20');

INSERT INTO `roles` (`id`, `name`, `guard_name`, `created_at`, `updated_at`) VALUES
(4, 'Supervisor', 'web', '2020-04-18 21:22:00', '2020-04-18 23:05:00'),
(3, 'Profesional', 'web', '2020-04-18 21:22:00', '2020-04-18 23:05:00'),
(2, 'Administrador', 'web', '2020-04-18 21:19:00', '2020-04-18 23:04:00'),
(1, 'Root', 'web', '2019-11-26 14:12:00', '2020-04-18 23:05:00'),
(5, 'Solicitante', 'web', '2020-04-18 21:23:00', '2020-04-18 23:05:00');

INSERT INTO `permissions` (`id`, `name`, `guard_name`, `created_at`, `updated_at`) VALUES
(29, 'actualizar_pago', 'web', '2020-06-19 04:49:00', '2020-06-19 04:49:00'),
(28, 'auto_asig_caso', 'web', '2020-06-06 13:13:00', '2020-06-06 13:13:00'),
(27, 'editar_contraseñas', 'web', '2020-06-06 11:59:00', '2020-06-06 11:59:00'),
(26, 'eliminar_profesional_caso', 'web', '2020-05-30 11:17:00', '2020-05-30 11:17:00'),
(25, 'asig_invitado_casos', 'web', '2020-05-30 11:02:00', '2020-05-30 11:02:00'),
(24, 'asig_profesional_casos', 'web', '2020-05-30 11:01:00', '2023-01-17 16:20:49'),
(23, 'ver_perfil_usuario', 'web', '2020-05-24 10:49:00', '2020-05-24 10:49:00'),
(22, 'editar_perfil_cliente', 'web', '2020-05-24 10:43:00', '2020-05-24 10:43:00'),
(21, 'ver_todos_casos', 'web', '2020-05-23 11:31:00', '2020-05-23 11:31:00'),
(20, 'admin_casos', 'web', '2020-05-23 08:11:00', '2020-05-23 08:11:00'),
(19, 'crear_casos', 'web', '2020-05-23 08:11:00', '2020-05-23 08:11:00'),
(18, 'ver_casos', 'web', '2020-05-23 08:10:00', '2020-05-23 08:10:00'),
(17, 'revisar_casos', 'web', '2020-04-23 16:38:00', '2020-04-23 16:38:00'),
(16, 'crear_actuaciones', 'web', '2020-04-21 21:01:00', '2020-04-21 21:01:00'),
(15, 'access_dashboard_cases', 'web', '2020-04-21 17:47:00', '2020-04-21 17:47:00'),
(14, 'acceso_oficina_virtual', 'web', '2020-04-21 17:18:00', '2020-04-23 16:38:00'),
(13, 'asig_rol', 'web', '2019-12-13 11:30:00', '2019-12-13 11:30:00'),
(12, 'delete_usuarios', 'web', '2019-12-13 11:18:00', '2019-12-13 11:18:00'),
(11, 'edit_usuarios', 'web', '2019-12-13 11:17:00', '2019-12-13 11:17:00'),
(10, 'crear_usuarios', 'web', '2019-12-13 11:01:00', '2019-12-13 11:01:00'),
(9, 'ver_usuarios', 'web', '2019-12-13 10:58:00', '2019-12-13 10:58:00'),
(8, 'ver_roles_permisos', 'web', '2019-12-13 10:50:00', '2019-12-13 10:50:00'),
(7, 'ver_administracion', 'web', '2019-12-13 10:48:00', '2019-12-13 10:49:00'),
(6, 'delete_roles', 'web', '2019-12-13 10:38:00', '2019-12-13 10:38:00'),
(5, 'edit_roles', 'web', '2019-12-13 10:29:00', '2019-12-13 10:29:00'),
(4, 'crear_permisos', 'web', '2019-11-26 14:17:00', '2019-11-26 14:17:00'),
(3, 'ver_roles', 'web', '2019-11-26 14:14:00', '2019-11-26 14:15:00'),
(2, 'asig_rol_permisos', 'web', '2019-11-26 14:13:00', '2019-11-26 14:16:00'),
(1, 'crear_roles', 'web', '2019-11-26 14:12:00', '2019-11-26 14:16:00'),
(30, 'eliminar_spago', 'web', '2020-06-20 01:43:00', '2020-06-20 01:43:00'),
(31, 'ver_agendas', 'web', '2020-06-23 00:16:00', '2020-06-23 00:16:00'),
(32, 'crear_categorias', 'web', '2020-09-21 06:17:00', '2020-09-21 06:18:00'),
(33, 'descargar_documentos', 'web', '2021-03-11 02:28:00', '2021-03-11 02:28:00'),
(34, 'ver_auditoria', 'web', '2022-04-08 23:26:43', '2022-04-08 23:26:43'),
(35, 'ver_categorias', 'web', '2022-04-08 23:42:41', '2022-04-08 23:42:41'),
(36, 'recibir_correo_user_register', 'web', '2022-10-17 23:29:12', '2022-10-17 23:29:12'),
(37, 'recibir_correo_alert_register', 'web', '2022-10-20 20:44:57', '2022-10-20 20:44:57'),
(38, 'ver_conectados_chat', 'web', '2022-10-27 01:42:47', '2022-10-27 01:42:47'),
(39, 'cambiar_estado_usuario', 'web', '2022-10-31 22:36:57', '2022-10-31 22:36:57'),
(40, 'recibir_correo_mensaje_chat', 'web', '2023-01-19 22:03:57', '2023-01-19 22:03:57');

INSERT INTO `role_has_permissions` (`permission_id`, `role_id`) VALUES
(1, 1),
(1, 2),
(2, 1),
(2, 2),
(3, 1),
(3, 2),
(4, 1),
(5, 1),
(5, 2),
(6, 1),
(6, 2),
(7, 1),
(7, 2),
(8, 1),
(8, 2),
(9, 1),
(9, 2),
(10, 1),
(10, 2),
(11, 1),
(11, 2),
(12, 1),
(12, 2),
(13, 1),
(13, 2),
(14, 5),
(15, 1),
(15, 2),
(15, 3),
(15, 4),
(16, 1),
(16, 2),
(16, 3),
(16, 4),
(16, 5),
(17, 2),
(17, 3),
(18, 1),
(18, 2),
(18, 3),
(19, 1),
(19, 2),
(19, 3),
(20, 1),
(20, 2),
(21, 1),
(21, 2),
(22, 1),
(22, 2),
(22, 3),
(23, 1),
(23, 2),
(24, 1),
(24, 2),
(25, 1),
(25, 2),
(25, 3),
(26, 1),
(26, 2),
(27, 1),
(27, 2),
(28, 3),
(29, 1),
(29, 2),
(30, 1),
(30, 2),
(31, 1),
(31, 2),
(31, 3),
(32, 1),
(32, 2),
(33, 1),
(33, 2),
(33, 3),
(33, 4),
(34, 1),
(34, 2),
(35, 1),
(35, 2),
(36, 2),
(37, 2),
(38, 1),
(38, 2),
(39, 1),
(39, 2),
(40, 1),
(40, 2);

INSERT INTO `users` (`id`, `name`, `identification_number`, `phone_number`, `status`, `email`, `image`, `address`, `town`, `email_verified_at`, `password`, `type_identification_id`, `type_status_id`, `remember_token`, `created_at`, `updated_at`) VALUES
(1, 'Luis Carlos', '0001', '333333', 1, 'luiscarcm@gmail.com', 'app/profile_files/1618927177_ffd991d38a4ef73d51774a8e2246fcae.jpeg', 'Villa aurora', NULL, NULL, '$2y$10$4NHXE.Hij2hXEQ0ccuIyFu96eoPelngkUjS9AFw4Jp5z4pWj4a9PW', 6, 16, '$2y$10$59FfvsUgXIQeRuj97RDlKeBNibTOBYKcwiQodxKpeXza5gXDUTNI2', '2020-04-03 05:12:27', '2023-04-11 16:48:13'),
(2, 'Dario Favier Nárvaez', '0002', '310603806', 1, 'darioj99@gmail.com', 'app/profile_files/1597275588_5b6d2f594e13b32a0508a9f940a66ba4.png', 'Obonucs', NULL, NULL, '$2y$10$QzFrA39gedehj9bvB5xztOI4kTn23fhe5R3wlgXaNQRRDcF06QhCS', 6, 16, '$2y$10$MHFzO2OKdQR51MQugtsxFedGtKUbhTbqjfMyBc9bAe21Li7z6vMyC', '2020-04-03 05:12:27', '2024-05-28 00:19:25'),
(53, 'Maria Jose Bermudez Bernal', '1233193136', '3107321638', 1, 'majo2ber@gmail.com', 'dist/img/user-default-min.jpg', NULL, NULL, NULL, '$2y$10$LmH6qeZbguYMiFZh2Xex7O3vxRQAlomI3B2KMnQgbA2UmwaIb8PHSx', 6, 16, '', '2020-11-12 22:00:08', '2023-06-20 16:01:26'),
(54, 'Juliana Parreno', '1085319539', '3207707020', 1, 'julianapv95@gmail.com', 'dist/img/user-default-min.jpg', NULL, NULL, NULL, '$2y$10$6g0N/jmeLd/1JK2t0yGrQ.X/78zmef46y.rF2X6Tm261r8OEDr4.m', 6, 16, '$2y$10$icknq7igwY1CDMI1fYzEuedTt10goBf.Jew0kuE.f1Bqf3.wnEdi', '2020-11-12 22:01:58', '2022-02-15 15:12:42'),
(64, 'Martha del Socorro Ortiz Realpe', '27403100', '3152210715', 1, 'ortizmartha8819@gmail.com', 'dist/img/user-default-min.jpg', NULL, 'Ricaurte', NULL, '$2y$10$vjcab8sjTGZdvmZm/hQ9MOPcNt..IxPu0318z2CfA0jhzVXa6coJ2', 6, 141, '', '2020-12-10 16:05:06', '2022-10-24 15:06:36'),
(65, 'Carol Estefania Ponce Hernandez', '1085946682', '3175969505', 1, 'carole.ponceh@uqvirtual.edu.co', 'dist/img/user-default-min.jpg', 'Mistares 1 etapa casa 80 Ipiales, Nariño', NULL, NULL, '$2y$10$CW0NRfyK087ZnltaRLVhRufW7Kh8cf6fsjBlEbKSqTe7ILoY3MYQm', 6, 141, '$2y$10$B6SAqrgCNolNdoWeGo6fy.ZQR3uGIQDKBCwlIbdqxEam2EPfkr99S', '2021-01-12 22:02:54', '2021-03-02 17:26:42'),
(66, 'Phenix (James Yesid Solis Hurtado)', '1087197927', '3206525811', 1, 'raymondwinds@gmail.com', 'app/profile_files/1611013404_00c7742d1887d30e9771a50580c644a4.jpeg', 'cr 14 E#1468 BARRIO EL ROSARIO', NULL, NULL, '$2y$10$NsmYO1Qt09RBuAsA/j4kTuqzRPQyP0GMD5fHgfWFf7LcIyelvKQZi', 6, 141, '$2y$10$pUrvPYZw2GAKsQ1pnNwsYOin.aERy3EqJjLRnAP3O.3737YHTVwi', '2021-01-18 23:10:39', '2021-03-02 17:26:39'),
(69, 'Miguel Bolaños', '98339007', '3154008780', 1, 'miguelbola426@gmail.com', 'dist/img/user-default-min.jpg', 'cra2#23-43 carlos lleras la union nariño', NULL, NULL, '$2y$10$VvHRIfTtDBX.ZJWsgdy48uc2oJniZ2ZrOFh.0u1gYmNF2LDSae5gW', 6, 141, '$2y$10$siYidErjzeSkzD8ri03kHOWoTC.YwIlEMAYyK60jmZoOL0pi0RUCS', '2021-02-01 23:14:34', '2021-03-02 17:26:35'),
(79, 'Anyela Constanza Gomez Morales', '1085272213', '3206654472', 1, 'acgomezmo@gmail.com', 'dist/img/user-default-min.jpg', 'Villa Moreno', 'Pasto', NULL, '$2y$10$ory.d.u7Ht/QXno4hGK5buFSmgB26h9Hmhm8dt1X80GvpTvt8xuNe', 6, 141, '$2y$10$K13apwrIxs8StHUmcCChTe5Yw0QtxHsXsCW74MTO1aFR8gi7oZy', '2021-03-11 21:28:46', '2024-05-27 19:29:07'),
(80, 'Silvia Barrera', '27549655', NULL, 1, 'barrerasilvia385@gmail.com', 'dist/img/user-default-min.jpg', NULL, NULL, NULL, '$2y$10$HMGQA5b7Oq9a4uIe74RIduWWQ9qFDaPHYUVyIJge5cyBBMEdDCmsW', 6, 141, '', '2021-03-13 16:46:04', '2021-03-13 16:49:00'),
(81, 'Marcela Jojoa', '1010079363', '3125089974', 1, 'marcejojoa754@gmail.com', 'app/profile_files/1616000900_ddf76db2fd074d924c5c05099f2a50a1.jpeg', 'Urb/el manzano Mz3 casa 159', 'Yacuanquer', NULL, '$2y$10$MK4/Bb8NFBtweNHZX23wDe1JMip0MXzMKIJDBjBETgGd6d6QpsI2C', 6, 141, '$2y$10$nKRopR7KA9FXqg2JktWCnuuJXoLDhJ9Ude..Eo.bQb.GhMBdOV6W6', '2021-03-13 16:51:46', '2021-03-17 17:08:24'),
(82, 'NIDIA QUENGUAN', '100467677932', NULL, 1, 'NIDIAQUENGUAN26@GMAIL.COM', 'dist/img/user-default-min.jpg', NULL, NULL, NULL, '$2y$10$ML2ulJpKhl7IcokhaJl43OkuNB9tDPsKvgmhDKYSqnSBbnjDYDJzW', 6, 141, '', '2021-03-13 17:15:47', '2021-10-19 15:48:50'),
(83, 'Tania Margarita Pascuaza Barrera', '1087960829', NULL, 1, 'taniab19.09@gmail.com', 'dist/img/user-default-min.jpg', NULL, NULL, NULL, '$2y$10$N09TvDJfXKpruN.d3iRFauiJYrDJSXsFhDIWN22wA.kD9czqdljLS', 6, 141, '', '2021-03-13 17:26:02', '2021-03-13 17:27:57'),
(84, 'Piedad Socorro Benavides Jojoa', '27547744', NULL, 1, 'piedadbenavides1@gmail.com', 'dist/img/user-default-min.jpg', NULL, NULL, NULL, '$2y$10$EVzDmb6VtDiIg4mZ4/5O.e//B.3I63lfdb.yMPnE8dGWEmAEL.A5u', 6, 141, '', '2021-03-13 17:30:49', '2021-03-13 17:33:51'),
(85, 'Claudia Omaira Ponce Villota', '27549490', NULL, 1, 'claudiaomairaponcevillota@gmail.com', 'dist/img/user-default-min.jpg', NULL, 'Yacuanquer', NULL, '$2y$10$k2vhPI21K3TKjShi8XZLGuKeMAcHuIhBmTOmvjlddDpHNmHU.RgrO', 6, 141, '', '2021-03-13 17:46:00', '2021-07-22 17:36:27'),
(86, 'Melva Lorena Córdoba Ramos', '37084569', NULL, 1, 'cordobaramosmelvalorena@gmail.com', 'dist/img/user-default-min.jpg', NULL, 'Yacuanquer', NULL, '$2y$10$1ZjezUvKmBpEL5hG1NFKwOltByP/5XnSJ.l.v8Tdbuz2fToWAQkWS', 6, 141, '', '2021-03-13 18:04:38', '2021-10-19 15:36:28'),
(87, 'nayive anarceli insuasty', '27549726', NULL, 1, 'nayiveinsuasty3@gmail.com', 'dist/img/user-default-min.jpg', NULL, 'Yacuanquer', NULL, '$2y$10$HOU/XzeBES85Cta3zW1gVuwb8SgUx9XaVS6ETEpNYJADxQsxH1jiG', 6, 141, '', '2021-03-13 19:10:17', '2021-10-19 15:45:29'),
(88, 'Ilia De Jesus Obando Barbosa', '27548589', NULL, 1, 'iliadejesusobando@gmail.com', 'dist/img/user-default-min.jpg', NULL, NULL, NULL, '$2y$10$Ecu4pP0ISuTsfgYTdOKaYeLUoqJHY8se6OFxNPqzCHpZ4r4KG9.gS', 6, 141, '', '2021-03-13 19:32:06', '2021-03-13 19:46:21'),
(89, 'Nuvia Claudia Mora Chapal', '36950465', NULL, 1, 'nuviaclaudiam@gmail.com', 'dist/img/user-default-min.jpg', NULL, 'Yacuanquer', NULL, '$2y$10$Z8YcINHwGfYzZRisjN9kweoHPNl80oX6hiaVsB8qt4GAhwkxq4wfa', 6, 141, '', '2021-03-13 19:50:40', '2021-10-19 15:46:29'),
(90, 'Zandra Rocio Mora', '27081669', NULL, 1, 'zandra.morach@gmail.com', 'dist/img/user-default-min.jpg', NULL, NULL, NULL, '$2y$10$EAtkwuXq4PByVXpa38uWp.KWdncdA6BNctAtnts1/Hsccrz02kiI2', 6, 141, '', '2021-03-13 20:07:54', '2021-10-19 15:44:40'),
(91, 'Aura Nancy Insuasti Lopez', '27548370', '311778804', 1, 'auranancyinsuasti@gmail.com', 'dist/img/user-default-min.jpg', NULL, 'Yacuanquer', NULL, '$2y$10$o6kD7IBwhFDLAbIsy7M7nu.agycF9yGqH5mf9waDO.n./zAKiQPSK', 6, 141, '', '2021-03-13 20:08:33', '2021-10-19 15:41:09'),
(92, 'umelia amparo rosero guerrero', '27548705', NULL, 1, 'roseroamparo049@gmail.com', 'dist/img/user-default-min.jpg', NULL, 'Yacuanquer', NULL, '$2y$10$72UZJFPtsaqDYHHR9Odf8eXpcFCANJyuZiUumN0ChpQBFHiHBp6/S', 6, 141, '', '2021-03-13 20:26:59', '2021-10-19 15:39:36'),
(93, 'María Elizabeth Florez', '36754076', NULL, 1, 'elizabethflorez1974@gmail.com', 'dist/img/user-default-min.jpg', NULL, 'Yacuanquer', NULL, '$2y$10$vsDmJdP8zh77Vf39ofpEau3MOIRSGmviDF3JVXZkhmB8f0ze6EC6K', 6, 141, '', '2021-03-13 20:30:51', '2021-07-22 17:41:46'),
(94, 'María Transito del Rosario Gómez Insuasty', '27548697', NULL, 1, 'mariagomezinsuasty@gmail.com', 'dist/img/user-default-min.jpg', NULL, 'Yacuanquer', NULL, '$2y$10$IY4HLYS9j17vPqTfH1t0HeSad1KqeMcmSAUcszEbH8lcAp2JOwdou', 6, 141, '', '2021-03-13 20:32:25', '2021-07-22 17:42:33'),
(95, 'Bety Leonor Insuasty Portillo', '27548777', NULL, 1, 'betyleonorinsuasty@gmail.com', 'dist/img/user-default-min.jpg', NULL, 'Yacuanquer', NULL, '$2y$10$MVdtCrTFVIti4zm2hGhkguNQgFPIAbBWB3u4AumYTnBNA3htIY5Wq', 6, 141, '', '2021-03-13 20:46:57', '2021-07-22 17:43:16'),
(96, 'maria alejandra moncayo cuayal', '1077092353', NULL, 1, 'mariaalejandramoncayo@gmail.com', 'dist/img/user-default-min.jpg', NULL, 'Yacuanquer', NULL, '$2y$10$.HCiUfcWRiAnfy3CPa01Wu32YWlokvEuvX.PvVQaIWBtJmd13jom.', 6, 141, '', '2021-03-13 20:48:16', '2021-07-22 17:50:18'),
(97, 'Odila Graciela Villota Moreno', '27548530', NULL, 1, 'odilagraciela@gmail.com', 'dist/img/user-default-min.jpg', NULL, 'Yacuanquer', NULL, '$2y$10$QzFrA39gedehj9bvB5xztOI4kTn23fhe5R3wlgXaNQRRDcF06QhCS', 6, 141, '', '2021-03-13 21:02:08', '2024-05-27 19:28:03'),
(98, 'Angela Mercedes Pastaz Escobar', '1007292664', '1007292664', 1, 'apastaze@gmail.com', 'dist/img/user-default-min.jpg', NULL, NULL, NULL, '$2y$10$Kg8Qkk/iJv8FevY.Fg.l3.PuxsWkjQbYzTtqj0nqxDgdFVH8zfaom', 6, 141, '', '2021-03-18 15:55:24', '2021-03-18 15:58:03'),
(99, 'Diana Patricia Puenguenan Taimal', '1088597876', '3103914869', 1, 'tapdiana97@gmail.com', 'dist/img/user-default-min.jpg', NULL, NULL, NULL, '$2y$10$SHqDpBogtaACjlffP0eywOFfzBhmXi.a.d6ema9CzwyORM5PiOdwy', 6, 141, '', '2021-03-18 16:03:50', '2021-03-18 16:18:36'),
(100, 'Leidy Yesenia Guancha Fuelantala', '1088591426', '3136524598', 1, 'leidyesenia@hotmail.com', 'dist/img/user-default-min.jpg', NULL, NULL, NULL, '$2y$10$uvBqzPvicGA94dRL436ijulL/HS50mWLXYeYoLbK6Z46/Cs.XfMZW', 6, 141, '', '2021-03-18 16:28:42', '2021-03-18 16:31:43'),
(101, 'Lidia Isabel Cumbal Cuesta', '59585895', '3122550391', 1, '304isabel@gmail.com', 'dist/img/user-default-min.jpg', NULL, NULL, NULL, '$2y$10$jzJ27Oh1IHiuaa0c3VSLqeEQZX3PmHjeZ5F3VSHH5Zm9Gw.S9t8lK', 6, 141, '', '2021-03-18 16:59:13', '2021-10-12 16:15:17'),
(102, 'zoila flor valenzuela cuaical', '27177542', '3233917907', 1, 'zoilaflorvalenzue@gmail.com', 'dist/img/user-default-min.jpg', 'vereda cuetial sector san jose', 'cumbal', NULL, '$2y$10$JMw5EE4.peTid7ua2s1yKedaKx53Iw9sA94gnR2.qUUJ/LD4uprAa', 6, 141, '', '2021-03-18 17:24:26', '2021-10-12 16:09:14'),
(103, 'Arelly Alexandra Puenayan Taques', '1088592685', '3122717886', 1, 'alexandra9118@live.com.ar', 'dist/img/user-default-min.jpg', NULL, NULL, NULL, '$2y$10$p6wVZ/WFGS.CRRbddwo7tOD6OHwfikXACBqlls/2BDo7Pda6Q1.vW', 6, 141, '', '2021-03-18 17:35:49', '2021-10-12 16:12:30'),
(104, 'María Helena Rosero Estrada', '27173970', '3158487228', 1, 'mariaelenaroseroestrada@gmail.com', 'dist/img/user-default-min.jpg', 'Carrera 11 número 20-24 barrio Bolívar', 'Cumbal', NULL, '$2y$10$nhfXBujkrLPL5XSFNcQvGe8Of9MYLiqNZEr7TwNPs5uv0XpyrNSIG', 6, 141, '', '2021-03-18 17:46:06', '2021-10-12 14:06:24'),
(105, 'Rosa Prado', '59585558', '3153902008', 1, 'rosaprado123@gmail.com', 'dist/img/user-default-min.jpg', NULL, NULL, NULL, '$2y$10$xmLVpJSYwmzGyyC947x/ve4Sf2QYX5ejMHa7ya.S/EbTupGN3Cwr6', 6, 141, '', '2021-03-18 17:59:34', '2021-03-18 18:02:44'),
(106, 'María Fernanda Cuspud Játiva', '1088588069', '3226809637', 1, 'mariafernandacuaspudjativac@gmail.com', 'dist/img/user-default-min.jpg', NULL, NULL, NULL, '$2y$10$.x9nScMn0amCIoOnPuGR9.IbgpOcJXct4PiHxRVX0jyfULjXMkfKS', 6, 141, '', '2021-03-18 18:04:11', '2021-03-18 18:06:29'),
(107, 'Betty Mary Insuasty Agreda', '27549344', '3162756603', 1, 'sebasinsuasty59@gmail.com', 'dist/img/user-default-min.jpg', NULL, NULL, NULL, '$2y$10$FodGQaLeMdsd3HyEcCayput5nz0tdR3APBKClccmYL3NyTMZhehTG', 6, 16, '', '2021-03-18 19:17:17', '2021-03-18 19:17:22'),
(108, 'Luzgarda Elisaberh Jativa', '59178848', '3136543784', 1, 'lissjativa.77@gmail.com', 'dist/img/user-default-min.jpg', 'Chiles vereda la Calera', 'CUMBAL', NULL, '$2y$10$nHmKB.0GG/UA1v2F2obdcu5zA1DFpIqqs0oFYs8iRqdQYj.PusWQi', 6, 141, '', '2021-03-18 19:22:34', '2021-03-18 19:27:11'),
(109, 'Mayra Carmenza Malte Perez', '27250001', '3136691442', 1, 'mayracarmenza@gmail.com', 'dist/img/user-default-min.jpg', 'Chiles, Cristorey', 'Cumbal', NULL, '$2y$10$3LDetRgesaCTTSORxitefeakCV03mU2no8KYF0buIRoR1jcRlKiHe', 6, 141, '', '2021-03-18 19:31:09', '2021-10-12 16:18:17'),
(110, 'Maria Victoria Bolaños Juaspuezan', '59585742', '3127764147', 1, 'mariavictoriabolanos@gmail.com', 'dist/img/user-default-min.jpg', 'Resguardo de Panan, verda puscuelan', 'CUMBAL', NULL, '$2y$10$SkewdfGWucUFoveJjaBL9.5RlIy7thX/bEaMzuhtZtN23mEhanzOa', 6, 141, '', '2021-03-18 19:42:03', '2021-03-18 19:48:27'),
(111, 'Maria Rubiela Puerres Chalparizan', '27175507', '3182027473', 1, 'mariarubiela2007@gmail.com', 'dist/img/user-default-min.jpg', 'Vereda Cuaspud, sector cuaspud chiquito', 'CUMBAL', NULL, '$2y$10$KOTUlIFHEVGCO3JGgfBI4uUXA4XRrM./Sgk2as0TVbpGqZtBz3DUq', 6, 141, '', '2021-03-18 19:56:24', '2021-10-12 14:56:09'),
(112, 'Leidy Jimena Tarapuez Muñoz', '1088590249', '3217876851', 1, 'jimenita1305@hotmail.com', 'dist/img/user-default-min.jpg', 'resguardo indígena de panan', 'CUMBAL', NULL, '$2y$10$l4NvNCaM/fFXvdP5Gh44qeGlVIPVrQ.OX5n2Rp6tW9GzaM7/hMxJy', 6, 141, '', '2021-03-18 20:28:33', '2021-03-18 20:34:16'),
(113, 'Maria Elena Puenayan Cuesta', '36770192', '3225820750', 1, 'mariaelenapuenayan@gmail.com', 'dist/img/user-default-min.jpg', 'Resguardo indígena de Panam', 'Cumbal', NULL, '$2y$10$rw/1LqSOQvuNbASk0JKEre3CjqbXNBpTXSGmzaRxwZTFgPmFlVvjW', 6, 141, '', '2021-03-18 20:40:12', '2021-03-18 20:44:40'),
(114, 'Nancy Lucia Piarpuezan', '59586389', '32258207503117974346', 1, 'nancypiarpuezan@hotmail.com', 'dist/img/user-default-min.jpg', 'Resguardo Indígena de Panam, vereda placer bajo', 'CUMBAL', NULL, '$2y$10$FTgl6rkBCIJ8C6zNPBO7RO5L.aaBMkbt1Quet1UP9Qx/2QIm8kVAS', 6, 141, '', '2021-03-18 20:49:23', '2021-10-12 16:16:30'),
(115, 'Gloria Patricia Alpala', '59178711', '3122184231', 1, 'gloriaalpala1978@gmail.com', 'dist/img/user-default-min.jpg', NULL, 'CUMBAL', NULL, '$2y$10$QAB4QcnmXj6OSZ7IOTYscuTuPO8Sc09YbOhGiKr547ktVLCbp.EzG', 6, 141, '', '2021-03-18 21:11:35', '2021-11-04 17:03:32'),
(116, 'Luz Yolanda Muñoz Ortega', '27282069', '3122428666', 1, 'luzyolandamunoz@sanpablo.com', 'dist/img/user-default-min.jpg', 'Centro San Pablo', 'San Pablo', NULL, '$2y$10$4Lw33eHoV3q6GVY9ni37LunX7Eue3EqDhvNVdWO.35x7aq/lA7USe', 6, 141, '', '2021-03-19 17:30:19', '2021-03-19 17:37:25'),
(117, 'Yenifer Yuliet Realpe Bravo', '37060271', '3164034757', 1, 'jhennjhu@hotmail.com', 'dist/img/user-default-min.jpg', 'Cra 4 # 3 - 57', 'San Pablo', NULL, '$2y$10$IhDsbWEAHzjc/1.4zJhGx.by8Kfxvv4yOme3BNwsHItJ8oOxkP.dG', 6, 141, '$2y$10$S6whXiW5YT4Yl9aHRoKbVerbw4EloZWdstUCj8Scd4E0BzU1051vC', '2021-03-19 18:13:59', '2021-10-13 15:50:15'),
(118, 'Marly Rocio Muñoz Diaz', '27451213', '3185493606', 1, 'marlyrociomunoz@gmail.com', 'dist/img/user-default-min.jpg', 'Vereda los Robles, finca los geranios', 'San Pablo', NULL, '$2y$10$786bjC.5CFpyCZbF5ox1Qe5N/fPZw1pjTvPUFk/E1be1b/o7ekEEe', 6, 141, '$2y$10$ptyptFSPRJVanGfoVoxUP.IZz7Bz81wTjjDd27fWRMsbl2oO1Ztli', '2021-03-19 19:41:25', '2021-03-19 20:21:57'),
(119, 'viky johana fuentes ortiz', '1130643551', '3206457277', 1, 'vikyjo1989@gmail.com', 'dist/img/user-default-min.jpg', NULL, 'San Pablo Nariño', NULL, '$2y$10$E2OwGNkceuS71CManTFtB.HrQ92kYePFvKAJUzWjfvYmR9lcN1d0m', 6, 141, '', '2021-03-19 20:12:09', '2022-04-06 15:47:10'),
(120, 'Maribel Solarte Castillo', '1089480345', '3114141957', 1, 'solartem38@gmail.com', 'dist/img/user-default-min.jpg', NULL, 'La Unión', NULL, '$2y$10$ViPW/QTq2igkJKKtfSo3e.uJJo9dB.6Sli7BJLSP.Hf1weo6d.bG2', 6, 141, '', '2021-03-26 17:00:17', '2021-08-23 19:45:44'),
(121, 'NATALY ALEXANDRA SOLARTE MENESES', '1089478141', '3233457491', 1, 'natalymeneses2802@gmail.com', 'dist/img/user-default-min.jpg', 'vereda Villa Maria', 'LA UNIÓN', NULL, '$2y$10$/axt4FIX8qGECwEjrNd.meUpRmPjh2QNmgJTbNLTSHjDnwLGM99O2', 6, 141, '', '2021-03-26 18:45:10', '2021-03-26 18:51:23'),
(122, 'MILARI YARICXA GUERRERO MENESES', '1088156824', '3122470115', 1, 'milariguerrero@gmail.com', 'dist/img/user-default-min.jpg', NULL, NULL, NULL, '$2y$10$dUbzjtARVwBqvIFEPPxKRuGZ0GX80p2dl2oWUUoMHWy6aJ.WZRa6m', 6, 141, '', '2021-03-26 19:18:35', '2021-03-26 19:22:12'),
(123, 'Liny Andrea Armero Cordoba', '1004472026', '3188529068', 1, 'andy.armero50@gmail.com', 'dist/img/user-default-min.jpg', NULL, NULL, NULL, '$2y$10$ytobOYyb1gECIkjFC.Uk6eVq6ZU4H182NbOnxN3Re6GH28G4I1SgK', 6, 141, '', '2021-03-26 19:28:45', '2021-03-26 19:33:37'),
(124, 'Martha Aurora Cordoba', '27115516', '3128991065', 1, 'marthaauroracordoba@gmail.com', 'dist/img/user-default-min.jpg', NULL, NULL, NULL, '$2y$10$oDn5gTGi33Sx39VviBZWT.NzLfmTMRM3z3coepz3Elcf8Xw.vhuhO', 6, 141, '', '2021-03-26 19:45:59', '2021-03-26 19:50:09'),
(125, 'Doraliz Erazo Delgado', '59705465', '3137479416', 1, 'doraliserazodelgado19@gmail.com', 'dist/img/user-default-min.jpg', NULL, NULL, NULL, '$2y$10$HAgQdt5e7soJWlf7Zj0fBu6IoQ6S4fLIxZ6LMIPfKJB279f.rnZCe', 6, 141, '', '2021-03-26 20:33:22', '2021-10-13 21:13:12'),
(126, 'Briyid Mayerli Diaz Chves', '1004439090', '3118160308', 1, 'mayediiaz.2016@gmail.com', 'dist/img/user-default-min.jpg', NULL, NULL, NULL, '$2y$10$s7pQkx91wUoM3DId90kvpuCcGWJ3R0cFXsac1nbL7cV2ridyQFVO2', 6, 141, '', '2021-03-27 16:00:08', '2021-10-16 21:18:22'),
(127, 'ELIDA URBANO ARMERO', '27144629', '3136453780', 1, '1978e.u.a@gmail.com', 'dist/img/user-default-min.jpg', 'las cochitas', 'buesaco', NULL, '$2y$10$r4Exi7BXORlEfyId9a3BBuE5xO1BhZenQ7.H2sPY4xfNTZ8a2V94e', 6, 141, '', '2021-03-27 16:12:40', '2021-03-27 16:20:25'),
(128, 'Maria Concepción Quiñonez Perez', '27123523', '3136223504', 1, 'conchis191@hotmail.com', 'dist/img/user-default-min.jpg', 'Vereda la esperanza, Corregimiento de Villa Moreno (En el momento se encuentra en Pasto)', 'Buesaco', NULL, '$2y$10$h.UMLJ0.yvJMnF38KFsFE.u.wzDk/2.PsAgr0gkxzyWc/MAFidM7K', 6, 141, '', '2021-03-27 17:16:02', '2021-03-27 17:23:55'),
(129, 'MAGALY JANETH PAZ LOPEZ', '1084226387', '3122957214', 1, 'magalipaz91@gmail.com', 'dist/img/user-default-min.jpg', 'MEDINA OREJUELA', 'BUESACO', NULL, '$2y$10$/hi0v0FJBeVitZdQ.VLIxerit9E5h1NPGpQN.RKFR8s/1xLMTOnm6', 6, 141, '', '2021-03-27 17:29:42', '2021-10-16 21:21:11'),
(130, 'Sandra Patricia Lopez', '1084220770', '3122336973', 1, 'sandraburbano212@gmail.com', 'dist/img/user-default-min.jpg', 'Bermejal', 'Buesacio', NULL, '$2y$10$yDhDd5Lni71TtFuFvxxfPO48ST2k0EOXeyOxFiefzft8vrxbDMOEW', 6, 141, '', '2021-03-27 17:40:24', '2021-03-27 17:43:27'),
(131, 'Omaira Victoria Herrera Ortega', '30736508', '3118562504', 1, 'omariavictoriaherrerao@gmail.com', 'dist/img/user-default-min.jpg', 'Predio Campo Verde, casa No. 5', 'Buesaco', NULL, '$2y$10$vMa5L27kv5Mu823XkzVtQe4yffgfM3o8moB1fqBIe9JSKUF.TsKDy', 6, 141, '', '2021-03-27 17:47:50', '2021-10-16 21:24:15'),
(132, 'Rosa Amparo Mainguez de Pantoja', '27533609', '3158495264', 1, 'rosamainguez@gmail.com', 'dist/img/user-default-min.jpg', 'San José de Guapitas', 'Buesaco', NULL, '$2y$10$o6eOx/.qMYUAfgluFKHCROTdaFmn2XUzEranbVz/RssXuYi3Hijaq', 6, 141, '', '2021-03-27 18:07:27', '2021-03-27 18:11:12'),
(133, 'Olga Mireya Casanova Cabrera', '59805395', '3146008828', 1, 'mirecasa2272@hotmail.com', 'dist/img/user-default-min.jpg', 'Vereda la Toldada', 'POLICARPA', NULL, '$2y$10$x/13eFxe7uDSmSo4m5nqUeAFfIiywMSgsKlhnwAQHHw3HaljLClU6', 6, 141, '', '2021-03-29 16:12:45', '2021-03-29 16:18:00'),
(134, 'Isabela Enríquez Casanova', 'T.I. 1087749083', '3216490452', 1, 'isabelaenriquez14@gmail.com', 'dist/img/user-default-min.jpg', 'POLICARPA', 'POLICARPA', NULL, '$2y$10$hFBIcbTqG3.XHB19hvuWyesppdWhW9RSw9zn83.8GcvQlK2D8Weeq', 6, 141, '', '2021-03-29 16:19:41', '2021-03-29 16:25:19'),
(135, 'Lidia Cabrera Gilon', '27082325', '3157237554', 1, 'cabreralidia188@hotmail.com', 'dist/img/user-default-min.jpg', 'Vereda la florida', 'POLICARPA', NULL, '$2y$10$dCZbnSyBR/3IYcIoALhgwuZKp/1AEa9.6U.6Lr3/I1Ydfpvi7AUJq', 6, 141, '', '2021-03-29 17:18:35', '2021-03-29 17:22:29'),
(136, 'DIANA LORENA RAMOS PORTILLO', '1004635747', '3187133158', 1, 'ramporanerol@hotmail.com', 'dist/img/user-default-min.jpg', 'CORREGIIENTO DE EL EJIDO', 'POLICARPA', NULL, '$2y$10$G17.Ft849yJMJrWrKgkB4u1XPNbjhlPhEnzHvcpJfn1sf4vByUISO', 6, 141, '', '2021-03-29 17:25:49', '2021-03-29 17:29:49'),
(137, 'GLADIS ONEYDA PORTILLO INSUASTY', '59805682', '3168559145', 1, 'gladis-oneida@hotmail.com', 'dist/img/user-default-min.jpg', 'CORREGIMIENTO DE EL EJIDO', 'POLICARPA', NULL, '$2y$10$yZ7rAhdBlM23Bu2qcBIncOMw5JYIZiMXW8JjHygU2UILpWvQBy6JS', 6, 141, '', '2021-03-29 17:30:50', '2021-03-29 17:35:10'),
(138, 'ADRIANA CHAVEZ GONZALEZ', '29106111', '3146082139', 1, 'pesabios2018@gmail.com', 'dist/img/user-default-min.jpg', 'Barrio la Urbanización', 'POLICARPA', NULL, '$2y$10$cEtq6kXfwVTut5lRsrQ/mu1/uHpTLGkKLSv/mxtb5PjSqwhMEpnIK', 6, 141, '', '2021-03-29 18:51:07', '2021-03-29 18:56:44'),
(139, 'Jakeline Benavidez Caicedo', '1087749460', '3203993988', 1, 'jakelinebenavidezcaicedo@gmail.com', 'dist/img/user-default-min.jpg', 'Barrio Miraflores', 'POLICARPA', NULL, '$2y$10$39ARxXRrhr4y5eZiqGm6COf28jPeiUG92l1g4AGToe2qGQ./QHXf.', 6, 141, '', '2021-03-29 19:00:26', '2021-10-26 16:20:21'),
(140, 'Ana Etelvina Cabrera Tarazona', '59806032', '3176231210', 1, 'anacabretara82@gmail.com', 'dist/img/user-default-min.jpg', NULL, NULL, NULL, '$2y$10$kILGjdiTdKNuPX0exALsbOiOMudawpjz/7MV3lym4Vb7DXgJ/yMSC', 6, 141, '', '2021-03-29 19:18:19', '2021-03-29 19:21:18'),
(141, 'Beatriz Obando Cordoba', '27186718', '3125245541', 1, 'betyobandoc@gmail.com', 'dist/img/user-default-min.jpg', 'Barrio San Francisco, ASOPOL (Asociación Policarpa en Acción)', 'Polcarpa', NULL, '$2y$10$3pYkV3g759cMLN4ySiqzoulSm6cC0VZBjKAC4uhz82w4RR5hlFj8u', 6, 141, '', '2021-03-29 19:40:37', '2021-10-26 16:22:10'),
(142, 'Maria Victoria Bonilla Ruano', '37122168', '3168202436', 1, 'victoriabonilla168@gmail.com', 'dist/img/user-default-min.jpg', 'Colina verde manzana K casa 12', 'Ipiales', NULL, '$2y$10$U9L1dNR0GikqpXALKBroReAL6.dkqpG3OwU614b8B7jGJsqGHCIwW', 6, 141, '', '2021-03-30 17:32:17', '2021-10-12 21:15:53'),
(143, 'Maria del Mar Rosero Calderòn', '1085902919', '3186139537', 1, 'purpura1410@hotmail.com', 'dist/img/user-default-min.jpg', NULL, NULL, NULL, '$2y$10$MzI03I35ho5dQPi85MFkFeW5fvLz/aaq24GWWl/YkGfhuS9bpxeYG', 6, 141, '', '2021-03-30 17:40:46', '2021-03-30 17:44:28'),
(144, 'maria andrea tobar naced', '27250222', '3174643434', 1, 'puntocreativosa9@outlook.es', 'dist/img/user-default-min.jpg', NULL, NULL, NULL, '$2y$10$7qzb/sHdZSoI7NqXtEYJ7O/nJqw91BqMKqS/1B6CqtIwM7ZRIYbGO', 6, 141, '', '2021-03-30 17:51:57', '2021-03-30 17:57:48'),
(145, 'Guadalupe del Carmen Benavides Benavides', '27254911', '3155366198', 1, 'wadalupe99@gmail.com', 'dist/img/user-default-min.jpg', 'Cra 5 norte No. 11 a 55', 'Ipiales', NULL, '$2y$10$Dm.kCzzw/WHLb9bJjXVXKeHM8SrFZanVu.ZeZ.5cv3r7XdRUhc7HK', 6, 141, '', '2021-03-30 20:02:45', '2021-03-30 20:07:41'),
(146, 'Gloria Amparo Lopez Pinchao', '37009986', '3155536617', 1, 'glopezpinchao@gmail.com', 'dist/img/user-default-min.jpg', 'cra. 4 N.2b-111 Barrio Sagrado Corazon de Jesus', 'Ipiales', NULL, '$2y$10$Tz4z22u5hGOOGHTN2UMpX.05xIogn5dmox8Oa4yoqtWd0eYxUuLdK', 6, 141, '', '2021-03-30 20:16:27', '2021-10-12 21:46:12'),
(147, 'YUSBLEIDY CASTILLO ORTIZ', '1088946768', '3164104155', 1, 'yusbleidycastillo@hotmail.com', 'dist/img/user-default-min.jpg', NULL, NULL, NULL, '$2y$10$Uae8CPCdqtqFpANTRogTye1mRamLT/VFuraaVOgM7c3DqdsPPBzcO', 6, 141, '', '2021-03-31 15:59:52', '2021-03-31 16:05:31'),
(148, 'NOGUI ESPERANZA MELO LEYTON', '27180936', '3165044177', 1, 'esperanzamelo77@gmail.com', 'dist/img/user-default-min.jpg', 'barrio los muros', 'EL ROSARIO', NULL, '$2y$10$sZPgOpZtzBEgmMxg274TJe3fPNmtx17B0TR29Ig7YtY3Bo/dt9nyy', 6, 141, '', '2021-03-31 16:18:38', '2021-03-31 16:28:23'),
(149, 'ADIELA BASTIDAS CORDOBA', '1088945561', '3122652209', 1, 'bastidasadiela@gmail.com', 'dist/img/user-default-min.jpg', 'corregimiento de Esmeraldas', 'ROSARIO', NULL, '$2y$10$KmiZOitPJo74GREtnsOjquIspsVf3URF/HQawP42y47V3O.fux0Ki', 6, 141, '', '2021-03-31 17:21:25', '2021-03-31 17:31:57'),
(150, 'ESDEYRI MONTILLA GONZALEZ', '1088946628', '3168035860', 1, 'esdeyrimontilla@gmail.com', 'dist/img/user-default-min.jpg', 'corregimiento de la sierra', 'el Rosario', NULL, '$2y$10$w1GzL3vv7dND7hibNswaNuVbzOENQ4Os1JrAtgyZ17ZwmIZ0B4cfa', 6, 141, '', '2021-03-31 19:31:20', '2021-03-31 19:37:53'),
(151, 'SURY DAYANA MONTILLA DIAZ', '1004709541', '3153570353', 1, 'hedinzon069@gmail.com', 'dist/img/user-default-min.jpg', 'vereda el suspiro', 'el rosario', NULL, '$2y$10$lGU925clMC4Oeg90xYKt.OfvH9drnJ91HrVOKFtDhRvUtWfRoYVoi', 6, 141, '', '2021-03-31 19:54:42', '2021-03-31 20:02:25'),
(152, 'MARIA CECILIA RODRIGUEZ LOPEZ', '27180963', '3117803641 3122879068', 1, 'ceciliaortegarl@gmail.com', 'dist/img/user-default-min.jpg', 'Vereda Mataredonda', 'El Rosario', NULL, '$2y$10$Z02M7OC5C/FPAN1jf4qAPeLPrnGT1xb6rux60hCk3YAlLwKWCC0de', 6, 141, '', '2021-03-31 20:15:59', '2021-03-31 20:22:00'),
(153, 'Elsy Seneida Erazo Narvaez', '1087750006', '3103479532', 1, 'elsy8352@gmail.com', 'dist/img/user-default-min.jpg', 'Vereda Valle de Cumbitara', 'El Eosario', NULL, '$2y$10$aeLTFLD1ZkIbXnFPPWtWbeR8Xelw1iG6VGG4vgBTMafVT3TI8rHKK', 6, 141, '', '2021-03-31 20:39:19', '2021-03-31 20:48:42'),
(154, 'Laura Valentina Velasco Rodriguez', '1085334503', '3163439809', 1, 'lvvr97@gmail.com', 'dist/img/user-default-min.jpg', NULL, NULL, NULL, '$2y$10$8dMc/7Mbk6My5WOC8HZpsuu4tXdh8oiCir207T38qiRuc8cDB7hmq', 6, 141, '$2y$10$kgIzY1itIKQ6oFnlgxNlI.hrQbRCzlSA2kOzdpRKQRoOo01IKxdq', '2021-04-06 20:16:09', '2021-12-17 02:37:27'),
(155, 'Lucia Mutis Gomez', '27444148', '3206212116', 1, 'mutisgomez.lucia@gmail.com', 'dist/img/user-default-min.jpg', 'El Carmen, San Lorenzo', 'San Lorenzo', NULL, '$2y$10$mdRM/is.Lq9CQoDdyKupx.gZL49gNl5m/RCu6QUYnCoVwOUzXYNAW', 6, 141, '', '2021-04-09 17:11:31', '2022-01-28 16:16:48'),
(156, 'Edith Fernandez Velasques', '27443450', '3136231156', 1, 'edithfernandezvasques@gmail.com', 'dist/img/user-default-min.jpg', 'Vereda la Cabaña, San Lorenzo', 'SAN LORENZO', NULL, '$2y$10$O2ra1He67quA0NtXN6rwjecECgBUd4JRihbvkjg1dTgvZ6wV0/wuW', 6, 141, '', '2021-04-09 17:54:12', '2021-04-09 17:58:25'),
(157, 'Nilsa Armero Gamboa', '27442760', '3113447901', 1, 'nilsarmerogamboa@gmail.com', 'dist/img/user-default-min.jpg', 'Vereda Armenia', 'San Lorenzo', NULL, '$2y$10$Wml.nOyngyZO2MOiP3b84.yeNexJdvbiEZlIFP/fJ4FCAEkf7fzTC', 6, 141, '', '2021-04-09 18:39:38', '2021-04-09 18:44:00'),
(158, 'Lidia Emilia Espada Acosta', '1086920369', '3233814818', 1, 'espadaacostalidiaemilia@gmail.com', 'dist/img/user-default-min.jpg', NULL, NULL, NULL, '$2y$10$ncV1V5nLsl8mIItKn.x0GebL7asGm0lDzthZCdIiSfqw9LWZkrUJ6', 6, 141, '', '2021-04-09 18:42:14', '2021-04-09 18:44:08'),
(159, 'Lucy Esperanza Bolaños', '59705859', '3108315487', 1, 'lucybolanos1977@gmail.com', 'dist/img/user-default-min.jpg', NULL, NULL, NULL, '$2y$10$cXHgFdyRtSXGsfVlMAwcy./5WN31.DBG27iaNcA0Yfb8mdCVdT3RK', 6, 141, '', '2021-04-09 18:48:06', '2021-04-09 18:50:12'),
(160, 'Maria de Amaris Florez Gomez', '27442175', '3207249846', 1, 'mariadeamarisflorez@gmail.com', 'dist/img/user-default-min.jpg', NULL, NULL, NULL, '$2y$10$rkxeGFPYHMqwLp1qh379QO8OMMrYbov/9rJYxHnB3tBBWS5iZPKpy', 6, 141, '', '2021-04-09 19:00:18', '2021-04-09 19:04:45'),
(161, 'LUZ MARINA GUERRERO', '30744940', '3175818518', 1, 'luzmarinaguerrerop@gmail.com', 'dist/img/user-default-min.jpg', 'Balcones de la Carolina, torre 3 apartamento 402', 'Pasto', NULL, '$2y$10$dPi9xLtlaF5O2XVpVFNhAu5sOh393F589iFfHya1dsaHDCFTcONJe', 6, 141, '', '2021-04-15 16:11:42', '2021-08-05 21:51:48'),
(162, 'Raquel Riascos Nichoy', '1085247415', '3156431102', 1, 'raquel.nichoy@gmail.com', 'dist/img/user-default-min.jpg', 'Crr 32 No. 16-41 Maridiaz', 'Pasto', NULL, '$2y$10$598qY13iDJ31idvFDBm6tOGYMgr7QeaDob.gYvpQB01GmXlQcbfTS', 6, 141, '', '2021-04-15 16:23:55', '2021-04-15 16:32:23'),
(163, 'Sofia Santacruz Zambrano', '1085256142', '3223460989', 1, 'sofisanchi@gmail.com', 'dist/img/user-default-min.jpg', 'cra 41 No 220-44 Edificio Rosal del Monte', 'Pasto', NULL, '$2y$10$jKQJp9pLBzh0rx/cSCZvQ.meNc7C1RJVPS6Sw/GsfsrHUTIcs5CvK', 6, 141, '', '2021-04-15 16:34:46', '2021-04-15 18:51:34'),
(164, 'Carmen Ilia Guaquez', '27474676', '3138133074', 1, 'beliza15@hotmail.com', 'dist/img/user-default-min.jpg', 'Mz 1 casa 5 las Brisas', 'Pasto', NULL, '$2y$10$l5QSObZAVCeCqeN9q4rtReIZ2FCUmOTpTb99vz/mDKss0Ndhq2rIu', 6, 141, '', '2021-04-15 16:49:30', '2021-04-15 17:14:49'),
(165, 'laura vallejo', '36752398', '3163582850', 1, 'lauravallejo77@hotmail.com', 'dist/img/user-default-min.jpg', 'sector sanfrancisco corregimiemto de obonuco', 'pasto', NULL, '$2y$10$zdWkLeb3lzcp7/tN7avIKuSiX/4hZpp6na6qzyOZNX6g/MzDY/9oy', 6, 141, '', '2021-04-15 19:08:13', '2021-04-15 19:26:07'),
(166, 'Rocio De Fatima Granja Moncayo', '30736108', '3147858012', 1, 'asociacionadiv@gmail.com', 'dist/img/user-default-min.jpg', 'Crra 22 D No. 9 - 15 Barrio Obrero', 'Pasto', NULL, '$2y$10$eEjhXObx9D1AtVS4biBWwe4p1phvO9hkI8LKD5WcLL1YO1M3VO1KC', 6, 141, '', '2021-04-15 19:33:15', '2021-04-15 19:39:49'),
(167, 'Giovanna Patricia Criollo Delgado', '59314940', '3113784812', 1, 'quillagc@gmail.com', 'dist/img/user-default-min.jpg', 'Calle 24 # 1E - 90 Barrio La Carolina', 'San Juan  de Pasto', NULL, '$2y$10$EurEHmiwGFBJo6URUylGxuGDaeUU6vdwkK6yZZb/Oi.xsYOipGZ/6', 6, 141, '', '2021-04-15 19:43:45', '2021-04-15 19:53:57'),
(168, 'maritza alarcon mina', '34614745', '3166450342', 1, 'asociacionamudh@gmail.com', 'dist/img/user-default-min.jpg', 'Manzana g1 casa 10 nueva aranda', 'Pasto', NULL, '$2y$10$Remw1twWumtqUsPmQifthu3QcvbW.JMoYuSICfw3ISD206meAliTO', 6, 141, '', '2021-04-15 20:03:12', '2021-04-15 20:06:55'),
(169, 'carmenza santacruz', '59816205', '3137419724', 1, 'lisbethhh123@gmail.com', 'dist/img/user-default-min.jpg', 'balcones de carolina torre 2 apartamento  302', 'pasto', NULL, '$2y$10$zpSVpnB8.IoOYL.WGsgb5eRAL7XO5azf4CwlOEdcFSiXbje1XYIgu', 6, 141, '', '2021-04-15 20:11:00', '2021-04-15 20:16:17'),
(170, 'Yinna Camila Galeano Palacios', '1085334542', '3158559306', 1, 'yinnagaleano@gmail.com', 'dist/img/user-default-min.jpg', 'Manzana B casa 3 Barrio Quito lopez 1', 'Pasto', NULL, '$2y$10$r14dUY6Vnf/BBhO2GZZLuuCl4r.gS1ax5Y/EgT3WG2BJDZadu6RXS', 6, 141, '$2y$10$TZ2DiuzQApsiWhS4GolNuuCdkw0SchX5VDXl6v2hphD6QrgeWAwhW', '2021-04-15 21:28:06', '2021-10-11 23:39:16'),
(171, 'Maria Camila Rojas Alarcon', '1085336176', '3014628738', 1, 'camilarojasa8@gmail.com', 'dist/img/user-default-min.jpg', 'Manzana F casa 16 Barrio Miraflores', 'Pasto', NULL, '$2y$10$V8Cxem8jEkLapqk8tZ51cO8A/JMYRLc8.lpBOudirpkzUplcZnBQO', 6, 141, '', '2021-04-15 21:28:24', '2021-10-19 22:03:21'),
(172, 'Nathaly Hernandez Botina', '1085280968', '3012739995', 1, 'natherbot@gmail.com', 'dist/img/user-default-min.jpg', 'Mz B C 27 Villa Campestre', 'Pasto', NULL, '$2y$10$.pMRMlAldbyVhmHegQv9rekrVcXlTcjCQ2NWv9/0t29CclwnGU2G.', 6, 141, '', '2021-04-15 21:35:42', '2021-04-15 21:43:51'),
(173, 'XIMENA ALEJANDRA RODRIGUEZ CORDOBA', '1085264344', '3014264640', 1, 'ximenita.83@hotmail.com', 'dist/img/user-default-min.jpg', 'Manzana 14 casa 9 Barrio Esmeralda', 'Pasto', NULL, '$2y$10$V4mxoGzc7l7g0mKq3D0Bg.Bl7q68dMZyH7L8XkXAeWQThlRHo0hzK', 6, 141, '', '2021-04-15 21:37:25', '2021-04-15 21:50:12'),
(174, 'Flor de María Finlay Ocaña', '41726572', '3108841927', 1, 'finlayflordeltrabajo@gmail.com', 'dist/img/user-default-min.jpg', NULL, NULL, NULL, '$2y$10$fHepfsP8DOj7GDekEoVur.f0nsf3wpo/f66DXuNXucsIgs9EfLDXK', 6, 141, '', '2021-04-15 21:50:50', '2021-10-19 22:17:02'),
(175, 'Maricela Estefanía Rodríguez Calderón', '1085296672', '3108330319', 1, 'venusfest92@gmail.com', 'dist/img/user-default-min.jpg', NULL, NULL, NULL, '$2y$10$Sd24i5B8pwDJ.1RRvPZPf.n77XXHzGJLFO75KUGG8y8I69M.iZu.i', 6, 141, '', '2021-04-15 21:57:39', '2021-04-15 22:03:59'),
(176, 'Martha Lucia Ceballos Vega', '37123752', '3225924853', 1, 'marthikacebas@yahoo.com', 'dist/img/user-default-min.jpg', 'carrera 24 No 22a-49', 'Pasto', NULL, '$2y$10$8BaCK.YvFDVAgiMxldqMSuAzVcCCiSdwoUw6CPNlhgsomeOt8R0ru', 6, 141, '', '2021-04-15 22:13:07', '2021-04-15 22:23:45'),
(177, 'Sara Sofía Chavez Adarme', '1004214388', '3145347293', 1, 'sarachavez2001@gmail.com', 'dist/img/user-default-min.jpg', 'carrera 21 13A - 73', 'Pasto', NULL, '$2y$10$yQQlQTflUI4Ht89vh4Yp4e5JahxgUSYUnZxvNZYhf.PZ44M28ZjYy', 6, 141, '$2y$10$n66X2as4UoLGgmWSgt1W8eIi9t4HoT.cRNe7WC3Fd1SUsyUeJJvby', '2021-04-20 00:21:10', '2021-04-20 19:12:31'),
(178, 'Luz Angelica Tarapues Cuaical.', '59178522', '313 6555 761', 1, 'oimacwarmy@gmail.com', 'dist/img/user-default-min.jpg', NULL, NULL, NULL, '$2y$10$Ku88VsHbz6kzmXLF0AIAbOK213L9UWDfthLcnoEiQ1MyYlMhxEqee', 6, 141, '', '2021-04-21 20:48:21', '2021-04-21 21:05:33'),
(179, 'Luz Angelica Tarapues Cuaical', '59178522', '3136555761', 1, 'amanecer@gmail.com', 'dist/img/user-default-min.jpg', NULL, NULL, NULL, '$2y$10$o7Gpm59erKZvpOMBjz90ieyaJvWnl3bSUcdA.HrGOeDHEhmPBxJ2u', 6, 141, '', '2021-04-21 21:29:11', '2021-04-22 00:25:55'),
(180, 'Omaira Victoria Herrera Ortega', '30736508', '3118562504', 1, 'omairavictoriaherrerao@gmail.con', 'dist/img/user-default-min.jpg', NULL, NULL, NULL, '$2y$10$cdA5ED6mTMJKWthQCJXDmeIBG2vNZBo0WOu8muPZl0Y38bqWMC8FW', 6, 141, '', '2021-04-22 00:34:25', '2021-04-22 20:49:54'),
(181, 'María', '27400643', '3503558682', 1, 'marcyguanga19@gmail.com', 'dist/img/user-default-min.jpg', NULL, NULL, NULL, '$2y$10$wszCXZdBLmEvVYDzXKSgzusaKqwV8TZPd/C9EYkwvQFrSg05F0weK', 6, 141, '$2y$10$oOa01icUPcixO22IVJFCzuOwG3N8eDKBr6cuZd15VwnYi8XdhYNBi', '2021-05-03 13:59:17', '2021-05-03 14:09:45'),
(182, 'Luisa Fernanda Villarreal Perez', '1085335505', '3112605603', 1, 'luisavillarreal2231@gmail.com', 'app/profile_files/1621542732_a517b293f985e50928e146b542ac6e56.jpeg', 'Manzana 27 Casa 14 Barrio: Nuevo Sol', 'San Juan de Pasto', NULL, '$2y$10$1g7Ba4JXFp5kP8xwHKgIZe.VMrhQ4iagZK8aYBlJLAne.XBmordRW', 6, 141, '', '2021-05-19 19:46:06', '2021-05-20 20:35:01'),
(183, 'Jenny Adriana Valencia Solarte a', '59311366', '3186712066', 1, 'avalens1520@gmail.com', 'dist/img/user-default-min.jpg', NULL, NULL, NULL, '$2y$10$XKbfLoOPdVKHlYpJyVLjseW9PvnbweazUsqjYSlvmEKHSl2S8z95O', 6, 141, '$2y$10$DbMXh2YIWbuqLMyrrMZhUustdiIJ4havdVK3KNQ.xM2jIZJkYbVSK', '2021-05-19 21:40:33', '2021-05-19 22:19:56'),
(184, 'Consultas Simples', '1234567890', '3000000000', 1, 'consultasimples@gmail.com', 'dist/img/user-default-min.jpg', NULL, NULL, NULL, '$2y$10$Z87MhFZFrBIpo8jvu6/0Du8cRboDQgsMwQ690hnRZ0PW1m5Bc.k6m', 6, 141, '$2y$10$6NgOmKSUj.hWKd4tTRu7z0.awVhm7ON3dZ8ro0my.s7nYudHnS', '2021-07-08 20:33:46', '2021-07-08 20:34:26'),
(185, 'Lourdes del Socorro Goyes Cuasquer', '30741263', '3137599995', 1, '30741263@defaultmail.com', 'dist/img/user-default-min.jpg', 'goyesliurdes@gmail.com', NULL, NULL, '$2y$10$eStZCiWAK1nl6smsn6DWwe9BMBsfDzE0ruz64pHFmNTosQziBPHKu', 6, 141, NULL, '2021-07-08 20:37:58', '2021-07-14 14:09:58'),
(186, 'María Cristina Fajardo Muñoz', '1087418848', '3175438496', 1, '1087418848@defaultmail.com', 'dist/img/user-default-min.jpg', 'Cra 40 N 16A 25 barrio Santa Ana edificio Arrallanes apto 202', NULL, NULL, '$2y$10$V6ObaCs8aQAFXjz1tQd5y.ulRyCbT6qMhH/SFuKy/zrcXeJbWvkUy', 6, 141, NULL, '2021-07-14 14:07:43', '2021-07-14 14:10:01'),
(187, 'Vilma Figueroa Lucero', '27302049', '3128432622', 1, 'vilmafigueroalu@gmail.com', 'dist/img/user-default-min.jpg', 'Calle 11A No.39-39', 'Pasto', NULL, '$2y$10$UNW9plqY30EDE46eiZTjf.9/pKB9A6y8oP5zUDZd4.ZBlhlhUVmCO', 6, 141, '$2y$10$TAFRUBtcBpbss0ky0rbzYOcim7WsKuwB68o0FckjsqD2CWEtGAM6', '2021-07-23 21:25:58', '2021-07-23 21:29:14'),
(188, 'Nydia Magola Villota', '27549562', '3204433699', 1, 'mayivillota@gmail.com', 'dist/img/user-default-min.jpg', NULL, 'Yacuanquer', NULL, '$2y$10$4ZyoOZnieWLSIi/SKvUC0.yC0m8ysn5wOfTuaMawIa.LXGt6xVXH6', 6, 141, '$2y$10$ID5Zjr6QY0.712771GNZpOr5QVw1H.eEMdgL.VaZV923bR4o.1xr.', '2021-07-23 21:50:33', '2021-07-26 16:18:10'),
(189, 'Leidy Ximena Idrobo Obando', '37087601', '3204216114', 1, 'ximeidrobo@gmail.com', 'app/profile_files/1628355518_8a46b2c4591eacaded526fa8ecf17b62.jpeg', NULL, 'Pasto', NULL, '$2y$10$V.k7AiBSb44OFQINXNm0heH2HvrTYlhws3TX5tUTRdRAtHFNXbfPK', 6, 141, '', '2021-07-23 23:10:08', '2021-08-07 16:59:04'),
(190, 'NELLY JOHANNA SALAS ZAMBRANO', '1015994564', '3223115838', 1, 'njsalas564@gmail.com', 'dist/img/user-default-min.jpg', NULL, 'Pasto', NULL, '$2y$10$YH2GVn4RA5VD6elVj.R5DertDVwXwz.6VSnjbtw.OgvmKI3d7V4MK', 6, 141, '', '2021-07-24 01:27:36', '2021-07-26 16:16:35'),
(191, 'Doris del carmen yela  yela', '36.996.946', '3182246297', 1, 'delcy999@hotmail.com', 'dist/img/user-default-min.jpg', NULL, 'Ipiales', NULL, '$2y$10$Yz93jn838cNirQx1x1bZo.UVpPYCLedgePlpEitG9gqwMrKPIVJcC', 6, 141, '$2y$10$zFdPf54FbbnEX.NI44IWieFWlx8y7dANPCeOuskpyf3YWLP3WeW', '2021-07-27 01:14:24', '2021-07-28 16:11:23'),
(192, 'Magaly Mendoza', '37010958', '3168103094', 1, 'maggaliif348@gmail.com', 'dist/img/user-default-min.jpg', NULL, 'Ipiales', NULL, '$2y$10$TSjLD6pMwu81HZlBfFr8Xejo0vw/EqdzcJhB5/SY4/aUlyC81BBxO', 6, 141, '', '2021-07-27 02:48:17', '2021-07-28 16:12:47'),
(193, 'Hilary Agreda Ibarra', '1085265631', '3014919431', 1, 'agredaibarrahilary@gmail.com', 'dist/img/user-default-min.jpg', NULL, NULL, NULL, '$2y$10$yfvnwv/6ynY.MlEXk1TT1e0.RJSLHVABNriM90G6QwC9tXT/kKDj.', 6, 141, '', '2021-07-30 15:39:48', '2021-07-30 15:41:14'),
(194, 'Diana Albornoz', '36759242', '3054529469', 1, 'dianafer99@gmail.com', 'dist/img/user-default-min.jpg', NULL, NULL, NULL, '$2y$10$wklZBxjgRfQKoVirlg0XWuxYGqNMklSKYU/Q51vxjn5ZklftTbtR2', 6, 141, '$2y$10$Fx6yvD9yLFZl93iF7XAve1wTw3hV4zT3EwxY5K5ziqxy1UYewfK2', '2021-07-30 16:59:34', '2021-07-30 17:49:03'),
(195, 'Olga Pastas', '111111111111', '3127428666', 1, '111111111111@defaultmail.com', 'dist/img/user-default-min.jpg', 'Aaaaa', NULL, NULL, '$2y$10$e2TP5QL.iFJE6ygyfFEGA.pJKbgz.7ImEPYZtO6Cph4HXk1kNK.7u', 6, 141, NULL, '2021-08-03 19:29:34', '2021-08-03 19:58:12'),
(196, 'Maria Yanira Meneses', '22222222222', '3147012968', 1, '22222222222@defaultmail.com', 'dist/img/user-default-min.jpg', 'Aaaaa', NULL, NULL, '$2y$10$sezPf6Cy15pAnn4LpnCdReJuLdIqw.x6OlPzHxG/kOz2rIQsjAUFS', 6, 141, NULL, '2021-08-03 19:30:41', '2021-08-03 19:58:08'),
(197, 'Maria correa', '1098670598', '3132419778', 1, 'sacha7777777777@hotmail.com', 'dist/img/user-default-min.jpg', NULL, 'Ipiales', NULL, '$2y$10$VTnhXqgi4Q4ayMDOocKn7upK2z2P5UL/sK9tA4A2/6XQby.eX7BLG', 6, 141, '$2y$10$Ykvfz75KmS.0m1v1VJBPeOragJX5OVCGoG9Jm2rDf9C5WFkf3bL6G', '2021-08-04 00:47:55', '2021-08-09 14:35:19'),
(198, 'Carmen Olivia Aguilar', '30728319', '3175121069', 1, 'patriaviva@hotmail.com', 'dist/img/user-default-min.jpg', NULL, 'Ipiales', NULL, '$2y$10$WdiJgZ6DMtU7jBCx2y4fnuJZR5hpkd.b8.tIi07fXD6seF5dZW/Ym', 6, 141, '', '2021-08-05 21:15:13', '2021-08-09 14:37:16'),
(199, 'Sandra Patricia Nieto', '39567658', '3117071710', 1, 'yagelomejor@gmail.com', 'dist/img/user-default-min.jpg', NULL, 'Ipiales', NULL, '$2y$10$JPp7/0ZIqDmxps/ajQcFwupmDvuUHRfgw47g/WXJXYwd8OR3eHBfm', 6, 141, '', '2021-08-05 22:18:33', '2021-08-09 14:38:52'),
(200, 'Luz Marina  Rodríguez Ortega', '37003571', '3177886337', 1, 'luckycorreo@gmail.com', 'dist/img/user-default-min.jpg', NULL, 'Ipiales', NULL, '$2y$10$X8GRYn./HkEWPc2lsiWjNOsgypjIQpKt6uzBDJmeuxKwYIIS32gz2', 6, 141, '', '2021-08-06 02:40:00', '2021-08-07 03:03:48'),
(201, 'Rubi Elena Garcia Benavides', '35520246', '3177258197', 1, 'ybur4april@hotmail.com', 'dist/img/user-default-min.jpg', NULL, 'Pasto', NULL, '$2y$10$XEQrzjc1wqDDpwvwgCiRBOx8L4mYsjUqkaYWEoQZMG4zKwlO3hDVG', 6, 141, '', '2021-08-09 15:06:18', '2021-08-09 15:06:48'),
(202, 'Lenner Mendoza', '37006785', '3186076723', 1, 'lenner37@hotmail.com', 'dist/img/user-default-min.jpg', NULL, NULL, NULL, '$2y$10$vZad/2d2UqGYBLs3KpjiUeQuQ3/fxsnlZZft2lhhBwVYp7UeKivMq', 6, 141, '', '2021-08-13 02:43:23', '2021-08-23 14:08:12'),
(203, 'María del Carmen Toro', '59.794.408', '3168190662', 1, 'mariatoro0662@gmail.com', 'dist/img/user-default-min.jpg', NULL, 'Samaniego', NULL, '$2y$10$NJMGOh4JIOTXglEYNZX5XuU5Mz1vYxqSECCPADGEue.mkkEYTzyPS', 6, 141, '$2y$10$hD05yHmPNU.x5WTWpAjR1..QLZH1PaMih1pUpgheTIC689eAIPp0e', '2021-08-23 20:38:13', '2022-12-30 15:52:23'),
(204, 'Lyyxmaribel Aguirre santana', '19406203', 'lyyxmaribela@gmail.com', 1, 'lyyxmaribela@gmail.com', 'dist/img/user-default-min.jpg', NULL, NULL, NULL, '$2y$10$ju1mv7fqgxAGFeYHNr.4reBr6R8OxpCx/xpVQnzyIOXz86EEY3Gem', 6, 141, '', '2021-09-02 18:47:22', '2021-09-06 16:44:23'),
(205, 'Nubia Lina Sanchez', '59825347', '3235849275', 1, 'nurylisanchez@gmail.com', 'dist/img/user-default-min.jpg', NULL, NULL, NULL, '$2y$10$O2jSocXLPGMXC4I5vzsuDuD7PatYKZ7U5P6EvWf2FmUtszQzuNCiu', 6, 141, '', '2021-09-16 22:11:27', '2021-09-16 22:12:06'),
(206, 'Maria del Carmen', '12345678', '3177813456', 1, 'mariadc@gmail.com', 'dist/img/user-default-min.jpg', 'Zhdbd', 'Djdhd', NULL, '$2y$10$vF1T/hl2gk.j6MdXaUqmTeuIJZX.gLNb7NRjeta5Oe874JBFC67z.', 6, 141, '$2y$10$ptyptFSPRJVanGfoVoxUP.IZz7Bz81wTjjDd27fWRMsbl2oO1Ztli', '2021-09-22 21:36:17', '2021-10-21 02:47:48'),
(207, 'LIGIA LUPE VALENZUELA COLIMBA', '59178990', '3147602597', 1, 'allipakari@gmail.com', 'dist/img/user-default-min.jpg', 'RESGUARDO INDIGENA DE CUMBAL, VEREDA QUILISMAL, SECTOR PLAN', 'CUMBAL', NULL, '$2y$10$ZexUXim2HHXyIQm5Q8kVhuZiKwsSAo/FTbzoN1fqXeW9z1XQ5uLh2', 6, 141, '', '2021-10-12 13:58:03', '2021-10-12 14:02:32'),
(208, 'Alba Nelly Escobar Meneses', '27227631', '3206484669', 1, 'escobaralba5051@gmail.com', 'dist/img/user-default-min.jpg', 'Vereda Cuetial', 'Cumbal', NULL, '$2y$10$.R9kgvdkT11daEPvCqA.bu76.mSTny0PPP.Zb1ZQUG15/GnLiP4E6', 6, 141, '', '2021-10-12 14:09:02', '2021-10-12 14:11:36'),
(209, 'Jensy Elizabeth Tarapues', '1004533073', '3153530105', 1, 'etarapues96@gmail.com', 'dist/img/user-default-min.jpg', 'Urbanización nueva estrella', 'Cumbal', NULL, '$2y$10$2ZGpQNiRA0Yxab39.ROxTep824/aWH9GogJHWfmpQwWY/SKZi.DcO', 6, 141, '', '2021-10-12 14:17:43', '2021-10-12 14:22:23'),
(210, 'Elvia Elisa Tarapues', '27174366', '3113446075', 1, 'elviatarapuescanacuan@gmail.com', 'dist/img/user-default-min.jpg', 'Vereda Cuetial', 'Cumbal', NULL, '$2y$10$KwPR/mlY1zoMwalMD7ImHO6W3/GwEEXMzDS5aZg9GkN.dT4heK10u', 6, 141, '', '2021-10-12 14:33:24', '2021-10-12 16:46:25'),
(211, 'Alba Lucia Risueño Erazo', '30712104', '3117769920', 1, 'albalucia2104@yahoo.es', 'dist/img/user-default-min.jpg', 'Calle 16 N° 1200 barrio San Antonio', 'Cumbal', NULL, '$2y$10$WmufunQYv3gE8dFJFqH84ezac4KWbxMh9aFDFac.2VSJfsBZ3oOLa', 6, 141, '', '2021-10-12 14:48:09', '2021-10-12 14:51:32'),
(212, 'Ruth Jimena Ortega Palma', '1088588564', '3207596264', 1, 'paulisxime2010@hotmail.com', 'dist/img/user-default-min.jpg', 'Vereda planquilismal', NULL, NULL, '$2y$10$q6pVmW/EQ4emuC28JvF4VuNGm77JgfgRigHuH5mGAwv6nHSVzeBMi', 6, 141, '', '2021-10-12 15:00:59', '2021-10-12 15:03:24'),
(213, 'Leidy Jimena Tarapues Muñoz', '1088590249', 'bancodeproyectos.1@gmail.com', 1, 'bancodeproyectos.1@gmail.com', 'dist/img/user-default-min.jpg', NULL, NULL, NULL, '$2y$10$8cffugKwnms.FMOjpmGWYOQ3dzAsvQvex/kBsjJPuEPW4MqDT.ZCK', 6, 141, '', '2021-10-12 16:06:17', '2021-10-12 16:07:06'),
(214, 'Nancy Valenzuela', '59585610', '3116179163', 1, 'nafava@hotmail.com', 'dist/img/user-default-min.jpg', NULL, NULL, NULL, '$2y$10$0oLQ3ENPCn3n4sPvbYGTHeEqenm.8s2GuRN47GaKuxIYh.nyLba1a', 6, 141, '$2y$10$qmPsjA6f6FkKCmK0B6hUOx3o1r3IacfjhEaYdiZGQrfuOGfD8ev2', '2021-10-12 16:06:42', '2021-10-12 16:07:39'),
(215, 'Edith Imelda Colimba Chiran', '27174975', '3145755642', 1, 'edithimeldacolimbachiran@gmail.com', 'dist/img/user-default-min.jpg', NULL, NULL, NULL, '$2y$10$i06fgcVEFKavEYD5TZnQCuAc4lpX7TpYD5YxrWAC47ZffP0AHJMFm', 6, 141, '', '2021-10-12 16:07:25', '2021-10-12 16:09:28'),
(216, 'Leidy Rosario', '1053840280', '3206057475', 1, 'lcolimba92@gmail.com', 'dist/img/user-default-min.jpg', NULL, NULL, NULL, '$2y$10$hE08xniy7C7VYSTqdC/iZu75zKRNEpH1t3UZm6NXsmsubtlfxOyAu', 6, 141, '$2y$10$feCsaGd7f.AzMmmTTRA.ctJnclsYL2GXpxVOazCdMPHjMDNrPm', '2021-10-12 16:15:19', '2021-10-12 16:19:03'),
(217, 'María Jesús Juaspuezan', '36998052', '3216468706', 1, 'marijuas20@gmail.com', 'dist/img/user-default-min.jpg', NULL, NULL, NULL, '$2y$10$F8hZtbO1GSLZUKeadBgV4ORfyUXhRFJOY7WcsIt9OOFz4N1YoAGvG', 6, 141, '', '2021-10-12 16:24:01', '2021-10-12 16:34:30'),
(218, 'María Jesús Juaspuezan', '36998052', '3216468706', 1, 'mariajuas20@gmail.com', 'dist/img/user-default-min.jpg', NULL, NULL, NULL, '$2y$10$g3o2plpu3h9G864Ak.6Vwem4aQv2UNQf3HFyZQ26Vxtnim5cgxPA.', 6, 141, '', '2021-10-12 16:40:40', '2021-10-12 20:06:39'),
(219, 'María cristina Revelo', '37012682', '3002052929', 1, 'cristinarevelo44@gmail.com', 'dist/img/user-default-min.jpg', NULL, NULL, NULL, '$2y$10$ykiC0XHxns3aSQAq20GRrOIRgzbMvJJe30EhvppOJ1EcVtT7WHm7O', 6, 141, '', '2021-10-12 21:13:15', '2021-10-12 21:14:55'),
(220, 'Karina lopez', '1004550417', '328516659', 1, 'kl682626@gmail.com', 'dist/img/user-default-min.jpg', NULL, NULL, NULL, '$2y$10$sPZVLKBPnBSYUJV0iNNsK.iDkQLAwcoHNEZdXp0tmZQSzagmCCfH.', 6, 141, '', '2021-10-12 21:14:24', '2021-10-12 21:14:53'),
(221, 'Adriana', '35199006', '31243037', 1, 'adr.i2709@hotmail.com', 'dist/img/user-default-min.jpg', NULL, NULL, NULL, '$2y$10$aQoltnX25vwRApFyFZ7SWOFJJjuI6.zfMGBIkzSiHfWWpaQOumUmC', 6, 141, '', '2021-10-12 21:14:54', '2021-12-23 20:35:42'),
(222, 'Leidy Yañez', '29681968', '3153215653', 1, 'lady.gatyta11@gmail.com', 'dist/img/user-default-min.jpg', NULL, NULL, NULL, '$2y$10$CMb6PaO0GNLI1yCEX0lsB.P8yyO0mEMIe3k8FnpWYiE4DvqM.p8/.', 6, 141, '', '2021-10-12 21:48:23', '2021-10-12 22:10:02'),
(223, 'Janeth Maria Eugenia Bustos Bustos', '37009799', '3166692328', 1, 'Bustosjaneth023@gmail.com', 'dist/img/user-default-min.jpg', NULL, NULL, NULL, '$2y$10$5os/1QzWHeb3FQey/iX4i.m/ZE56wc686Gx86ys/rY1uTyDfAR.9W', 6, 141, '', '2021-10-12 21:49:59', '2021-10-12 21:50:11'),
(224, 'Anyeli Muñoz', '1085663357', '3152260825', 1, 'anyelimunoz3@gmail.com', 'app/profile_files/1634138908_11c467c623173907d82fb3fcb1585f63.jpeg', 'Vereda los robles', 'San Pablo Nariño', NULL, '$2y$10$SehhhVmHglMgwx.ROB69kOL7Ilk5nK7H7wbdJFBm6UbvPdihlCcmm', 6, 141, '$2y$10$nBobwAFW9H3BB8MzigK8EOCEj3EIUs5M82ntirxsQ4YtnEsYraD6', '2021-10-13 15:14:05', '2021-10-13 15:28:33'),
(225, 'Leidy Yoana Diaz Muñoz', '1085662234', '3165871426', 1, 'diazleidy035@hotmail.com', 'dist/img/user-default-min.jpg', 'Robles', 'San Pablo', NULL, '$2y$10$V9THXuymAuAaMsQY8ErEWeLvmzJD9a5rLW37Sc9wqsfwzyxKmUpFu', 6, 141, '', '2021-10-13 15:16:40', '2021-10-13 16:12:03'),
(226, 'Daniela Fernanda Ortiz', '0000000000', '3182707152', 1, 'daniela.x2509@gmail.com', 'dist/img/user-default-min.jpg', 'Robles', 'San Pablo', NULL, '$2y$10$MdLL9UEXCb075LUvnB2ZYuzPD6V7VOaGnTtbpezqxHlOyM2ACRWTi', 6, 141, '', '2021-10-13 15:19:49', '2021-10-13 20:34:09'),
(227, 'María Nidia Muñoz', '34317506', '3177868305', 1, 'marmunoz2910@gmail.com', 'dist/img/user-default-min.jpg', 'Vereda los Robles', 'San Pablo', NULL, '$2y$10$K3s.9nqQhqU..bEkAcb/ROnAZMK4OtLjA50FznWbOhyJ27taoaOlq', 6, 141, '$2y$10$6lp13PkhVoBBsJInzh63.hWaYhNUqmhAdwaMTGMoPPk6s.5PYjxm', '2021-10-13 15:21:21', '2021-10-13 15:29:11'),
(228, 'Meidy Andrea Díaz pabon', '1085663140', '3154101099', 1, 'meidyandreadiaz@gmail.com', 'dist/img/user-default-min.jpg', 'Robles', 'San pablo', NULL, '$2y$10$zVEZ3O6fgSh0T8FXGwKkDOhXKV2lmjk9ratVSg/CHNa0nSxMJTeUa', 6, 141, '', '2021-10-13 15:24:23', '2021-10-13 15:50:46'),
(229, 'Escilda Ruiz', '34559775', '3212730473', 1, 'escildaruiz@gmail.com', 'dist/img/user-default-min.jpg', NULL, NULL, NULL, '$2y$10$xs5QXNDeRTOVBqniA0GboejQ57L7tMUjU.AiUx7kjFAGmn0DI5Djm', 6, 141, '$2y$10$1A0HBd7IfGOoa1eisnb6OZy2CJFNJy6NeKy9dZ2gX.t0vdmDx20S', '2021-10-13 15:26:40', '2021-10-13 15:44:09'),
(230, 'Maria Felina Ordoñez Ceron', '59430024', '3217568330', 1, 'mariafelinaordonez@gmail.com', 'dist/img/user-default-min.jpg', NULL, NULL, NULL, '$2y$10$vOpXxERnhcN.fSK1o3a1d.Yq5hP3wweQEW7z4mgr5.cN.GaQdf2om', 6, 141, '', '2021-10-13 15:36:31', '2021-10-13 15:36:50'),
(231, 'Maria Zuleme Pabon', '27451881', '3183993030', 1, 'mariazulemepabon@gmail.com', 'dist/img/user-default-min.jpg', NULL, NULL, NULL, '$2y$10$Oj2mkjFdN565sE46sVPbNOynGIYai5IJa2keGRiemNHZKoQ8rUPcq', 6, 141, '', '2021-10-13 15:43:46', '2021-10-13 15:43:57'),
(232, 'Geovanna Delgado Castillo', '59706001', '3117992453', 1, 'jhobannad@gmail.com', 'dist/img/user-default-min.jpg', NULL, NULL, NULL, '$2y$10$8Pp7DLUGSodm0Tk6272i6O1b9ocHSbzpgmagH4b7wdvBd2h9JvY/G', 6, 141, '$2y$10$8Ybm7Rmru3kC6wcSxZuCoxEgKB3oVouquUWIf0ZwY8fz8iFEHu', '2021-10-13 20:49:13', '2021-10-13 20:54:43'),
(233, 'ximena alexandra bolaños bravo', '1089483232', '3128595591', 1, 'ximenita9203@gmail.com', 'dist/img/user-default-min.jpg', NULL, NULL, NULL, '$2y$10$wwVc8nnDMUukE.jyswOfJOYCgyeKp.5sQtPfdgqVAH90CQl3lGgOG', 6, 141, '', '2021-10-13 20:53:39', '2021-10-13 20:56:29'),
(234, 'Valentina Riascos Moncayo', '1089488470', '3137966400', 1, 'varimo269@gmail.com', 'dist/img/user-default-min.jpg', 'La inmaculada', 'La unión', NULL, '$2y$10$DRpdCAkvcdAkKQ3USagQo.JgERm8qhIrr/1pceasf2xBAjkGrfUW6', 6, 141, '$2y$10$Ujs9OowVB0haaLPZh3c6.827kiOO.aZE5wN2W6p5ndbZSq904Ra', '2021-10-13 20:56:31', '2021-10-13 21:04:18'),
(235, 'Carmen Elisa Martínez', '59705486', '4132348021', 1, 'emilse71@hotmail.es', 'dist/img/user-default-min.jpg', NULL, NULL, NULL, '$2y$10$fsWjCwnVk8xNe74DDKuCl.UD3dEq7srvXqOctneDItB44jSCA0c9K', 6, 141, '', '2021-10-13 21:00:08', '2021-10-13 21:09:06'),
(236, 'Deyanira Ordoñez Muñoz', '1089478090', '3207093587', 1, 'deyaniraor075@gmail.com', 'dist/img/user-default-min.jpg', NULL, NULL, NULL, '$2y$10$k5m0SUZHK0wV8hEWgVT5jefsuaUx6i3tBtEdmwP17B5JKRwNweH7m', 6, 141, '', '2021-10-13 21:08:19', '2021-10-13 21:09:37'),
(237, 'LINA SULEIMY SANTACRUZ SOLARTE', '59708691', '3219498192', 1, 'suleimysantacruz1985@gmail.com', 'dist/img/user-default-min.jpg', NULL, NULL, NULL, '$2y$10$1j3m9R0fN1a9QtTblISaDuX2ebDmlHglobr8TTuneIMSUYiWowdAm', 6, 141, '', '2021-10-13 21:21:27', '2021-10-14 22:13:30'),
(238, 'Diana Alejandra Ortiz', '1001117360', '3107273294', 1, 'dianaalejaarmero@gmail.com', 'dist/img/user-default-min.jpg', NULL, NULL, NULL, '$2y$10$PdbiZBMSM97nW0o8m2QyJOPfma028rFFIPi1LSlAk.PQ9z03UpzIa', 6, 141, '', '2021-10-16 21:12:23', '2021-10-16 21:13:02'),
(239, 'Beybi Yaqueline Portilla Egas', '27109214', '3225319393', 1, 'bype1978@gmail.com', 'dist/img/user-default-min.jpg', NULL, NULL, NULL, '$2y$10$sP91PZrz3JijkwBxvuCCH.v/nE1ItLoo/mVshgvtmQGX5wyuBVOsi', 6, 141, '', '2021-10-16 21:13:10', '2021-10-16 21:16:59'),
(240, 'patricia Diaz Armero', '27146533', '3106751621', 1, 'patydi1983@gmail.com', 'dist/img/user-default-min.jpg', NULL, NULL, NULL, '$2y$10$G8dStHzgeov8T6x06heKAuoFO5TyU7dnQQJreH476whBRD/b2bw1m', 6, 141, '$2y$10$3gsbWsVtP3UAtRsJAVKQOh7kQMZrBtFG2JNZerbmNZIA.LnyFMKu', '2021-10-16 21:15:56', '2021-10-16 21:18:35'),
(241, 'Oliva moreno', '27142286', '3158479218', 1, 'om0980609@gmail.com', 'dist/img/user-default-min.jpg', NULL, NULL, NULL, '$2y$10$ZvUefCovaOQjXGkTJFx2CegllMi6QqRLAJyj0zR5b44emLqPhMclS', 6, 141, '', '2021-10-16 21:17:42', '2021-10-16 21:18:43');
INSERT INTO `users` (`id`, `name`, `identification_number`, `phone_number`, `status`, `email`, `image`, `address`, `town`, `email_verified_at`, `password`, `type_identification_id`, `type_status_id`, `remember_token`, `created_at`, `updated_at`) VALUES
(242, 'Rosa Mainguez', '27533609', '3158495264', 1, 'mainguezrosa@gmail.com', 'dist/img/user-default-min.jpg', NULL, NULL, NULL, '$2y$10$bUnQNJ44UCOROp7YDjccdumpRHOZwGZTrGvpM3kAh0lbQ/YASHzmO', 6, 141, '', '2021-10-16 21:19:06', '2021-10-16 21:19:34'),
(243, 'Paola Alexandra Bravo Gómez', '27090402', '3146838557', 1, 'pabravo723@gmail.com', 'dist/img/user-default-min.jpg', NULL, NULL, NULL, '$2y$10$C6MMzvHRBgBuLyMj4zHFxet7Ttp7HwqpvoMYVqMtbDqb1RruXmtJa', 6, 141, '', '2021-10-16 21:21:48', '2021-10-16 21:22:09'),
(244, 'Omaira Herrera', '3o736508', 'omairavictoriaherrerao@gmail.com', 1, 'omairavictoriaherrerao@gmail.com', 'dist/img/user-default-min.jpg', NULL, NULL, NULL, '$2y$10$fA6Jf8sPNq.mHNOXEhQL3OBWVmmtxlfYfVOGIWoNfh/Q4O.uVQakG', 6, 141, '', '2021-10-16 21:35:44', '2021-10-16 21:59:39'),
(245, 'Mary Insuasty', '27549905', '3135887728', 1, 'insuastyportillomarypatricia@gmail.com', 'dist/img/user-default-min.jpg', NULL, NULL, NULL, '$2y$10$fbCgCSUl2KUnhozcf0Y1x.aAXldGQ7t0SKVCCPRQbNhRLrf.wy6jq', 6, 141, '', '2021-10-19 15:36:37', '2021-10-19 15:45:00'),
(246, 'Jenny Ramos', '1087960348', '3186277193', 1, 'jeniferramos95@hotmail.com', 'dist/img/user-default-min.jpg', NULL, NULL, NULL, '$2y$10$g1KcNbGhHXAehkyk1kXz8ObnkUZSnauL40WjDeO1UsuiG/buzRMce', 6, 141, '', '2021-10-19 15:36:59', '2021-10-19 15:44:56'),
(247, 'Silvia Barreras', '27549655', '3162916036', 1, 'silviabarrera385@qmail.com', 'dist/img/user-default-min.jpg', NULL, NULL, NULL, '$2y$10$vMfGbir7cfnMZzydAxMhyOngaw9sUdbcC9TgcOF25I9rmhemAUx/y', 6, 141, '$2y$10$dj.mHmSEiAbz9IL1zzFy6eyle72ipi8Zl9fiWp4ZSkVjZ0BBS.C', '2021-10-19 15:45:59', '2021-10-19 15:59:09'),
(248, 'MARGOTH', '59821946', '3185094789', 1, 'margothbotina1973@gmail.com', 'dist/img/user-default-min.jpg', NULL, NULL, NULL, '$2y$10$KLKPq8WPFYCM9YKs3rbi4.HFvqXrPm0Yfz1VnGHbMxQsHwFAOzPVq', 6, 141, '', '2021-10-19 22:03:47', '2021-10-19 22:06:40'),
(249, 'Laura Vallejo Flórez', '36752398', '3163582850', 1, 'lauravallejo761@gmail.com', 'dist/img/user-default-min.jpg', NULL, NULL, NULL, '$2y$10$ChKVisoa4ArIUPKnUq5vZOBnf/6lcvzgoIQZSWASmHIKJ4c7Bk7/O', 6, 141, '', '2021-10-19 22:06:32', '2021-10-19 22:07:50'),
(250, 'Fanny obando chapuel', '59835530', '3104077782', 1, 'Fanylu0918@gmail.com', 'dist/img/user-default-min.jpg', NULL, NULL, NULL, '$2y$10$e8qDdzNZRVh1iLQFfPwhC.JYama.BIavDfHKk0aRnstKBvWVaU8ee', 6, 141, '', '2021-10-19 22:08:59', '2021-10-19 22:09:43'),
(251, 'Doly Paola Riofrio', '52198347', '3116264979', 1, 'polariofrio48@hotmail.com', 'dist/img/user-default-min.jpg', NULL, NULL, NULL, '$2y$10$01Bnwz1873tBr3o/8IheXeMqLPjhh1s0wGrqtlBJEbhsih5F.zhgO', 6, 141, '', '2021-10-19 22:09:51', '2021-10-19 22:10:16'),
(252, 'Gloria Narvaez', '27489 704', '3175313546', 1, 'delacruzjean645@gmail.com', 'dist/img/user-default-min.jpg', NULL, NULL, NULL, '$2y$10$OmwE35ZdNBcloXOEAhFTnuB3/NY3BUy2/lFqXotiCki.l/e4mMX4i', 6, 141, '', '2021-10-19 22:22:55', '2021-10-19 22:37:37'),
(253, 'Nayive Anarcely insuasty Obando', '27549726', '3174662658', 1, 'nayiveinsuasty47@gmail.com', 'dist/img/user-default-min.jpg', NULL, NULL, NULL, '$2y$10$AdElmr0NHrlo1K/MmqzZ..6Hi.nHphTRPhwJwbF1e09/ak1etTXgO', 6, 141, '', '2021-10-20 12:29:41', '2021-10-26 14:35:31'),
(254, 'Claudia', '1107083995', '3104057559', 1, 'claudiapalaciosnazate93@gmail.com', 'dist/img/user-default-min.jpg', NULL, NULL, NULL, '$2y$10$9y3ei63b//klX.XsYKRtz.TN9RKK8K9vAw3KqFQBqxQmen5s4Govi', 6, 141, '', '2021-10-20 23:20:56', '2021-10-26 16:10:39'),
(255, 'Jeimy Paola Dorado Erazo', '1004594095', '3175795489', 1, 'jeimydorado7@gmail.com', 'dist/img/user-default-min.jpg', NULL, NULL, NULL, '$2y$10$5BC6WKLaLhS8UTHz.5B.S.QRsDtFHmqltw1ikR83pTkRIozVgSvY2', 6, 141, '', '2021-10-26 16:07:22', '2021-10-26 16:10:32'),
(256, 'Yuly Gabriela Apraez Ordoñez', '1087750494', '3226659368', 1, 'gaby1915@hotmail.com', 'dist/img/user-default-min.jpg', NULL, NULL, NULL, '$2y$10$//6Chfj7bRnnsfFe8ixCTOqDpDtY7KMW47ppQMTMqGhW33q3jalHy', 6, 141, '', '2021-10-26 16:08:57', '2021-10-26 16:10:23'),
(257, 'Maria Teresa Quintero Figueroa', '1087748697', '3226250199', 1, 'mariateresaquintero247@gmail.com', 'dist/img/user-default-min.jpg', NULL, NULL, NULL, '$2y$10$Zjm64/A5oO.zlPEqQygaYOuG7u278RD338EQf/XctO7yaUzVGy9Qy', 6, 141, '', '2021-10-26 16:17:35', '2021-10-26 16:20:59'),
(258, 'Adriana Marcela Campaña Calderón', '1004635118', '3508902021', 1, 'calderonmarcela48@gmail.com', 'dist/img/user-default-min.jpg', NULL, NULL, NULL, '$2y$10$6pwbt9uDQZxws9iD8sAgSuGtzuetnnC4FmRlIMc.wlBQRAmmCl6F2', 6, 141, '', '2021-10-26 16:18:54', '2021-10-26 16:20:35'),
(259, 'Virginia Cabrera', '27322830', '3174554745', 1, 'virginiacabreramata72@gmail.com', 'dist/img/user-default-min.jpg', NULL, NULL, NULL, '$2y$10$NE39OUfeBzDDuKH52vXWW.Wx0CZvS6D2yfYq15WaG0a.LatxBUBom', 6, 141, '', '2021-10-26 16:25:02', '2021-10-26 16:25:30'),
(260, 'Carmen Amanda Salguero', '27187134', '3105063971', 1, 'amandasalguero03@gmail.com', 'dist/img/user-default-min.jpg', NULL, NULL, NULL, '$2y$10$205Zn1zJ3ZR4InHqp23kbeu0siAp15A05oFzOY6VKQFUTdVGLnddO', 6, 141, '', '2021-10-26 16:37:41', '2021-10-26 16:41:50'),
(261, 'Yaneth Melendez', '1061684817', '3116464794', 1, 'yaneth0585@hotmail.com', 'dist/img/user-default-min.jpg', NULL, NULL, NULL, '$2y$10$8zoYvOR7czgV4ELthquHnuuGv52/tq.JabyixRd6v01TgXFl0O9Wa', 6, 141, '', '2021-10-26 16:40:12', '2021-10-26 16:42:47'),
(262, 'María Magdalena Mancilla Montaño', '59806396', '3108457444', 1, 'mariamancilla448@gmal.com', 'dist/img/user-default-min.jpg', NULL, NULL, NULL, '$2y$10$deEdpaoLlaCxo01.ya/mmeDrRTOH59/hZryfzltCK/BArV8E35q56', 6, 141, '', '2021-10-26 16:42:36', '2021-10-26 16:43:02'),
(263, 'Denis', '59805568', '3202875219', 1, 'erazodenis65@gmail.com', 'dist/img/user-default-min.jpg', NULL, NULL, NULL, '$2y$10$JaoYtAIvpYGEUDeGxkRWPuNpei7ypqXf70S9YMxkczHvTaskJ7ztu', 6, 141, '', '2021-10-26 20:35:00', '2021-10-27 04:37:11'),
(264, 'Elizabeth Moreno castro', '1004709643', '3209667917', 1, '1004mayelizamoreno@gmail.com', 'dist/img/user-default-min.jpg', NULL, NULL, NULL, '$2y$10$x2cD6QE9GwlPvSz7Flhm9OMkpBdlEClX.YyPLcTGe1JKEna3FdQEK', 6, 141, '', '2021-10-30 16:05:48', '2021-10-30 16:07:36'),
(265, 'yeraldin liseth daza', '1088946061', '3172361174', 1, 'yeraldin.2192@gmail.com', 'dist/img/user-default-min.jpg', NULL, NULL, NULL, '$2y$10$q3VQsKSj/MZQ..rNidctNOdIx9yu19GrjQlXRenwuwwp7HLAqJHEu', 6, 141, '', '2021-10-30 16:05:52', '2021-10-30 16:07:48'),
(266, 'Yali Esperanza Sánchez CH.', '1061690371', '3155318309', 1, 'yalyes86@hotmail.com', 'dist/img/user-default-min.jpg', NULL, NULL, NULL, '$2y$10$CNgBR3uj188GHS.AKwhw.eopFCmwu.C5NS9n/m10KzxNbBSyXXefi', 6, 141, '', '2021-10-30 16:06:30', '2021-10-30 16:07:54'),
(267, 'Monica del carmen Leon', '66844689', '3148753640', 1, 'monica0217leon@gmail.com', 'dist/img/user-default-min.jpg', NULL, NULL, NULL, '$2y$10$RfFMj/Dx4XGldyhXilNm7.X2Byd7GBTh3SIflPzxuJ.TRdNxOnw92', 6, 141, '$2y$10$khohFFtcZg1DowTerXxqetNn25OhXmQh44Fvx5XewbFfcFk5nxu', '2021-10-30 16:07:00', '2021-10-30 16:09:09'),
(268, 'Piedad', '52208842', '3148023842', 1, 'piedadadrada@gmail.com', 'dist/img/user-default-min.jpg', NULL, NULL, NULL, '$2y$10$eULtWmvkZ9awgl.3099gNOI0q8UNVmS9DqxG/P4G9wMHeQS4Hzv8C', 6, 141, '', '2021-10-30 16:08:00', '2021-10-30 16:09:30'),
(269, 'Blanca Silvia Solarte Bolaños', '30039395', '3203130468', 1, 'blancasilviasolartebolanos@gmail.com', 'dist/img/user-default-min.jpg', NULL, NULL, NULL, '$2y$10$npT2pmvUOwZE.xTophP/oOsv.cKvTm8Rr2UhV2I6peaGMBHycm.KO', 6, 141, '', '2021-10-30 16:11:35', '2021-10-30 16:11:57'),
(270, 'Maria Zoila Urbano Adrada', '30741238', '3122123291', 1, 'mariazoilaurbano@gmail.com', 'dist/img/user-default-min.jpg', NULL, 'El Rosario', NULL, '$2y$10$LhK88ruDmxznkTLSv.LXB.cPanjcjn.hZTQ1IaPdYhCwOXCAF6lz6', 6, 141, '', '2021-10-30 17:12:49', '2021-11-02 16:46:15'),
(271, 'Lorena Narvaez', '36860527', '3104107483', 1, 'lorenan5135@gmail.com', 'dist/img/user-default-min.jpg', NULL, NULL, NULL, '$2y$10$b6cwAX42OjrnRKTOAsZLCOMNgcX.gEF4lN1luJ.03GimfhuWBMkVK', 6, 141, '', '2021-11-06 00:27:36', '2021-11-16 20:01:00'),
(272, 'Gloria patricia Alpala', '59178711', '3122184231', 1, 'paty2021@gmail.com', 'dist/img/user-default-min.jpg', NULL, NULL, NULL, '$2y$10$dtgh/Sa6POj5E4nuWgzdH.w8cwtO4g5YhpWfDowdEtTdkIUKXEA3G', 6, 141, '', '2021-11-06 01:28:58', '2021-11-16 20:01:01'),
(273, 'Milena Hoyos', '27090073', '3103645858', 1, 'deysymad02@hotmail.com', 'dist/img/user-default-min.jpg', NULL, NULL, NULL, '$2y$10$.B.juH4uGffXz3/geHYUD.xipe5iSX92/WdZe3v7gtwE/Yshu217.', 6, 141, '', '2021-11-29 18:22:48', '2021-12-03 17:57:23'),
(274, 'Luz Angélica Ocaña Rosero', '1085246052', '3202101532', 1, 'laplazache@yahoo.es', 'dist/img/user-default-min.jpg', NULL, NULL, NULL, '$2y$10$JWD.F/UK8nUZUl/OYbxXr.3kNaf6tChskK5uPgNAOxgewJf6EAfwK', 6, 141, '', '2021-12-01 20:36:40', '2021-12-03 17:57:41'),
(275, 'Luz Angélica Ocaña Rosero', '1085246052', '3202101532', 1, 'angelicaocana44@gmail.com', 'dist/img/user-default-min.jpg', NULL, NULL, NULL, '$2y$10$lB17LpyLbkF/b7xAT6CZFOI0MUnHe8QILK6svhCdrwAEsPHnFYtLW', 6, 16, '', '2021-12-01 20:38:55', '2021-12-01 20:39:35'),
(276, 'Narly Yulieth Rojano Serna', '1003498175', '000000000', 1, '1003498175@defaultmail.com', 'dist/img/user-default-min.jpg', 'Dirección exacta carrera 5ta E número 17_72', NULL, NULL, '$2y$10$gFCH6fGjbHh.9hfmy/SAFeRpgB6s522KoWwdpeN9DO25mbfsUd7uC', 6, 141, NULL, '2021-12-30 15:58:30', '2021-12-30 16:07:57'),
(277, 'Maribel solarte', '1089480345', '3229699602', 1, 'solartem38@hotmail', 'dist/img/user-default-min.jpg', NULL, NULL, NULL, '$2y$10$ajfIuU2/Y05a8nPKUNIp2eKOjNLatSyTuaOzLUeZ5OHdH1pFyd2H6', 6, 141, '', '2022-01-05 12:38:10', '2022-03-18 21:59:08'),
(278, 'Yadi Ceron', '1088947157', '3218156109', 1, 'ceronpaz08@gmail.com', 'dist/img/user-default-min.jpg', 'Pandiaco cra 44 N 19B 24', 'Pasto', NULL, '$2y$10$SpGTzr/RPMo9Mbx1lzsgVeqKD1eOOGOp62Dts4Svqi8jUhToMZbNe', 6, 141, '$2y$10$8A.vfmgZUN45fjvubBk1v.TalCJ8aNvaJI3JKvYZocmVwNhxzqzKO', '2022-01-20 02:22:23', '2022-03-22 22:47:38'),
(279, 'Sandra Ortega', '59834788', '3173238517', 1, 'anpazaor@gmail.com', 'dist/img/user-default-min.jpg', NULL, NULL, NULL, '$2y$10$.DzXwXky17FMQQHnsCByLeBPva1JaPF5EWLgzLBEgfJebxVOhg8Pi', 6, 141, '', '2022-01-20 12:53:24', '2022-01-20 15:36:49'),
(280, 'CHABELY MERCEDES GÓMEZ', '1086924810', '3165844872', 1, 'chabely-gomez@outlook.es', 'dist/img/user-default-min.jpg', NULL, NULL, NULL, '$2y$10$5hI6fCy1jL4caU0fcl.Uw.q0vU.pPjSSDFU1oTQEDX.iBG14fAMfq', 6, 141, '', '2022-01-28 16:07:35', '2022-01-28 16:13:10'),
(281, 'Elsa Edilma', '27442310', '3113115008', 1, 'elsa.19602307@gmail.com', 'dist/img/user-default-min.jpg', NULL, NULL, NULL, '$2y$10$DAtVggQ8kUfcVHYdpMt.ju0x.4KPd440buldJxdeZU9jg817j9QI6', 6, 141, '', '2022-01-28 16:10:54', '2022-01-28 16:13:06'),
(282, 'Merly Danixa Ortiz Espada', '1086921536', '3122634217', 1, 'merlydanixaortizespada@gmail.com', 'dist/img/user-default-min.jpg', NULL, NULL, NULL, '$2y$10$0K9gobvoiwQsEpMUR6N2gOFq56kJHIJKL06F8ACbFZYggpgtYAEFi', 6, 141, '', '2022-01-28 16:12:10', '2022-01-28 16:13:00'),
(283, 'patricia Guzman', '27443471', '3233689715', 1, 'patoguz7856@gmail.com', 'dist/img/user-default-min.jpg', NULL, NULL, NULL, '$2y$10$bKBUzY41V0l83H.P5r8vjelbTFPEAPtFH2NeqGi0NoeU06JPnYijS', 6, 141, '', '2022-01-28 16:12:31', '2022-01-28 16:12:56'),
(284, 'Maria Almeida', 'mariiaa1965almeida@gmail.com', '3225965352', 1, 'mariiaa1965almeida@gmail.com', 'dist/img/user-default-min.jpg', NULL, NULL, NULL, '$2y$10$NmUaEZnSsIFWe58WgUYPTetbcaPBykYu.T5h7P1DXYeEPL4t/J3lO', 6, 141, '', '2022-01-28 16:27:31', '2022-01-28 16:28:48'),
(285, 'Merly Danixa Ortiz Espada', '1086921536', '3122634217', 1, 'lidiaespada242@gmail.com', 'dist/img/user-default-min.jpg', 'vereda El piñal', 'San Lorenzo Nariño', NULL, '$2y$10$p99rTlL4mOAK.b8fcMVTBOZxLUPNyXKWT/I49CVPTeZHJESHzPlgi', 6, 141, '$2y$10$lSb5MBKdnBY0aiUQ9ROeuBJnezKZdZFnug2UupWMDFxYlSddsBC', '2022-02-03 22:34:50', '2022-03-22 17:53:16'),
(286, 'Informe de contexto - Ricaurte, Nariño', '12345678', '3000000000', 1, 'anonimo@gmail.com', 'dist/img/user-default-min.jpg', 'Ricaurte, Nariño', 'Ricaurte, Nariño', NULL, '$2y$10$MXicdL0NdotmHeSJxTjF8OtM98ntZxF.LcEdw6WVo5.YwGJE3jBGS', 6, 141, '$2y$10$x2aQ7XXBWvEkp4YsWOqtSOT9aKsoxneT8Q6V2R8Hxets8mflZhhyC', '2022-02-25 16:19:52', '2022-07-14 14:49:09'),
(287, 'María Fernanda Moran Benavides', '1233194347', '3162858205', 1, 'mmayis31@gmail.com', 'dist/img/user-default-min.jpg', NULL, NULL, NULL, '$2y$10$vCPMRo3CxpGGpkNx1f..6u7X57KhEQBlaGr60XA8ORK2MlKASO7W.', 6, 141, '$2y$10$Va4IzjP8jJggFaQqR.xbou2LtaG4Spa3cGaP5GY6n0KpnJdxfvC6', '2022-03-02 21:50:52', '2022-03-02 21:52:37'),
(288, 'Rocio Portilla', '000000000', '3160446584', 1, '000000000@defaultmail.com', 'dist/img/user-default-min.jpg', 'Desconocida', NULL, NULL, '$2y$10$Xtiy6n7exxKhi47HAsgWWOMNbdZcf1FGmgKKagM1dTaGu7fs/6IWu', 6, 141, NULL, '2022-03-10 22:52:02', '2022-03-10 22:52:39'),
(289, 'Ana Gustín', '222222222', '3245801694', 1, '222222222@defaultmail.com', 'dist/img/user-default-min.jpg', 'Ninguna', NULL, NULL, '$2y$10$95hHrbeRIQ7f4uLh9pQVd.5gc2gC7bXfE6MwUNYU30BXL2b8DUb.2', 6, 141, NULL, '2022-03-28 14:58:46', '2022-03-29 21:07:58'),
(290, 'María José Tovar Riascos', '3333333333333', '3245801694', 1, '3333333333333@defaultmail.com', 'dist/img/user-default-min.jpg', 'Ninguna', NULL, NULL, '$2y$10$5yApi7.FzCji/d.HCYk2jeYiDt3HPFqsIAL12/fwDp4jCgYIViMRi', 6, 141, NULL, '2022-03-28 15:00:02', '2022-03-29 21:07:53'),
(291, 'Dilia Del Rosario Cuchala', '4444444', '3164625159', 1, '4444444@defaultmail.com', 'dist/img/user-default-min.jpg', 'Ninguna', NULL, NULL, '$2y$10$mGIueTT2X6B2kwv/2jYHSuUA.vkEc62ThWcuhY59ggBFsCESg18wG', 6, 141, NULL, '2022-03-28 15:01:05', '2022-03-29 21:06:08'),
(292, 'DANNA VANESA GERMAN BAZANTE', '1085291293', '3136309019', 1, 'DVGERMAN@MISENA.EDU.CO', 'dist/img/user-default-min.jpg', NULL, NULL, NULL, '$2y$10$/riS5Y0u7XPtKw6tObRq/eEdwIjLrWwUNWM9RHqeRdc7S3mGPHPby', 6, 141, '', '2022-03-30 12:38:47', '2022-04-01 16:01:19'),
(293, 'johana alejandra ortiz bazante', '1085344011', '3163690721', 1, 'ortizjohana149@gmail.com', 'dist/img/user-default-min.jpg', NULL, NULL, NULL, '$2y$10$0I3S9YLfSn.n0Z5DJeTOT.hQ8v6z4m6ESJJXnSKAtaMjpXKino.Gm', 6, 141, '', '2022-03-30 13:09:40', '2022-04-01 16:05:09'),
(294, 'Informes de contexto - Policarpa', '12121212', '0000000', 1, 'Policarpa@defaultmail.com', 'dist/img/user-default-min.jpg', 'Policarpa', NULL, NULL, '$2y$10$l9YB1cWzOVmXtUElyfGBh.sqqiB0oXy8NYQLNGTB5BqPru6VR/u/y', 6, 16, NULL, '2022-04-07 20:28:21', '2022-04-07 20:28:21'),
(295, 'Cristina Zamora', '59831018', '31514874083', 1, 'Cristyzamin7@gmail.com', 'dist/img/user-default-min.jpg', 'mz 17 casa numero 1 Los Laureles', NULL, NULL, '$2y$10$5DJDrqnpqwEveFvIuiO9euFnCws27D7IXZ9dyUP3plPrJSyy4zS7y', 6, 141, NULL, '2022-05-03 23:09:01', '2022-05-03 23:10:30'),
(296, 'Sahara Noemí Chuquizan', '1088527297', '3166070285', 1, '1088527297@defaultmail.com', 'dist/img/user-default-min.jpg', 'Resguardo de Chiles Municipio de Cumbal.', 'Cumbal', NULL, '$2y$10$LOROOaPpaCl5PQ1Sxh3g8eDVKav/3AFKOnrmrh5dDVeVd8WG0WrrK', 6, 141, NULL, '2022-06-29 16:28:37', '2022-06-29 16:32:11'),
(297, 'Prueba', '10000', '300', 1, 'prueba@correo.xn--c-vga', 'dist/img/user-default-min.jpg', 'Sin direccion', NULL, NULL, '$2y$10$zNJfxLIZdtrRRkeSOE6lq.o0hwGU87KVY3SHuoQueprMSM7VTQoI.', 6, 141, '', '2022-07-01 23:04:59', '2023-01-13 16:57:40'),
(298, 'Diana Camila Bolaños Obando', '1085337809', '3104350984', 1, 'catokita483@gmail.com', 'dist/img/user-default-min.jpg', 'Sin direccion', NULL, NULL, '$2y$10$IUiD5P7guXrhQp9Tymd0cuk5occAIbNMXYkRqLukVXQCbPxhOD.vC', 6, 141, '', '2022-07-01 23:58:41', '2022-07-12 15:21:07'),
(299, 'Lucia del Socorro Basante', '30712481', '3176352265', 1, 'luciabasante@gmail.com', 'dist/img/user-default-min.jpg', 'Carrera 40 14 25, Las Margaritas, Comuna 8, Pasto, Nariño, COL,LAS MARGARITAS', NULL, NULL, '$2y$10$PS1j5/yib5cyswnsCgtpE.7qIFWoIv7VGdmT3vnRu6WK2q0Td/EUy', 6, 141, NULL, '2022-07-12 15:06:59', '2022-07-12 15:07:17'),
(300, 'Informe de contexto - El Rosario', '10101010', '0000000', 1, '10101010@defaultmail.com', 'dist/img/user-default-min.jpg', 'El Rosario, Nariño', 'El Rosario,  Nariño', NULL, '$2y$10$r8blDvYNS9hleuQ/W0LHA.pcmqquur20PNZyx8V6XzhjzBRKnLSEG', 6, 141, NULL, '2022-07-12 15:12:42', '2022-07-14 15:16:17'),
(301, 'Luz Angela', '2222222', '2222222', 1, '2222222@defaultmail.com', 'dist/img/user-default-min.jpg', '2222', NULL, NULL, '$2y$10$Ci6UCxTLDWE7ZXyOSEcobes1pPHFUpra.U3qNJ.iADFowZAvjLq4W', 6, 141, '$2y$10$QG4GquagzAd8TBfeokXDKe6VGguwpoOQ3OyRAslgzd2Ff2cxrx9m', '2022-07-12 15:15:39', '2022-10-17 17:29:13'),
(302, 'Daniela Vivas', '1002927291', '3105174701', 1, 'dvivas717@gmail.com', 'dist/img/user-default-min.jpg', 'Sin direccion', NULL, NULL, '$2y$10$q.DuSJwtgaLhftmDBZRe1eaFtwPCR20JbhZ2IVAGrgk8ckzYBzraW', 6, 141, '', '2022-07-14 18:22:02', '2022-07-14 20:49:10'),
(303, 'Sandra Nadime Florez Ascuntar', '59829859', '3182121387', 1, 'snflorez.a@gmail.com', 'dist/img/user-default-min.jpg', 'Pasto, Nariño', NULL, NULL, '$2y$10$zz5jHD75aHWvus7PWZ4D9ugW9o7ARHVVzcQirm4bGq/CY/nt.fW52', 6, 141, NULL, '2022-07-25 20:48:01', '2022-07-25 21:00:25'),
(304, 'Isabell Catalina Vizuethe Erazo', '1004233833', '3154926707', 1, 'catavz202@gmail.com', 'dist/img/user-default-min.jpg', 'Sin direccion', NULL, NULL, '$2y$10$2RfV6ElIAcwotiY.rfMF7e2Iln3i2wqtWupwFQWVDIN5kgZXVSa1C', 6, 141, '$2y$10$ro8m.2dqyK2995ogLsAYObpizfHblJ04y4frwnDjBLJmqYieGX5e', '2022-08-02 21:45:16', '2022-08-29 18:53:39'),
(305, 'Mercedes Elvira Bravo meneses', '59705403', '3154472626', 1, 'mercy59bravo@gmail.com', 'dist/img/user-default-min.jpg', 'Vereda la Castilla', 'La Unión, Nariño', NULL, '$2y$10$/lA35FT2g3T4rTid9p2XcOK4QuovrUntXw8COHg.m43UJINKIoMp.', 6, 141, '', '2022-08-21 01:26:52', '2022-08-24 20:42:16'),
(306, 'Angie estefania soto Jimenez', '1233189235', '3154649143', 1, 'tefa.1397@hotmail.com', 'dist/img/user-default-min.jpg', 'Sin direccion', NULL, NULL, '$2y$10$l52qYsHzk7r5c9gM/7x7j.cGS7qnbAJs3GK9y0rsS93DBxljKEDuK', 6, 141, '', '2022-08-26 15:39:44', '2022-08-30 06:21:33'),
(307, 'Jimena Ortega', '1088588564', '3207596264', 1, 'paulisxime2010@gmail.com', 'dist/img/user-default-min.jpg', 'Sin direccion', NULL, NULL, '$2y$10$9dsIBV.KCYIcpUS7ePagJu0mWnwx8X6.W2td3cbynRinpt62WLusS', 6, 16, '', '2022-10-04 02:28:48', '2022-10-04 02:29:27'),
(309, 'Nuevo usuario', '3123132', '32132', 1, 'dariojavier99@hotmail.com', 'dist/img/user-default-min.jpg', 'Sin direccion', NULL, NULL, '$2y$10$DvOdbdfltns6tcWNPUHC7eN.87gVhcJ8H8yNAH5j88Goj01I5tWva', 6, 141, '$2y$10$IvNOw3WA1x9f4hVorsOfJuo3r.zFArbtCUrIxRzKxLoqOjSCWKoj.', '2022-10-31 22:30:54', '2023-01-16 23:17:50'),
(310, 'Jaime Oswaldo Beltran', '98632786', '315896741', 1, 'jaimeobeltran@gmail.com', 'dist/img/user-default-min.jpg', 'Sin direccion', NULL, NULL, '$2y$10$wBlHGp3UAG/My48.qEr/wOb3y9jZ/oAjLxisImi6vu5uE6zV19aja', 6, 16, '', '2022-11-04 18:51:49', '2022-11-04 18:51:53'),
(311, 'Nataly Meneses', '1089478141', '3233457491', 1, 'solartealexandra900@gmail.com', 'dist/img/user-default-min.jpg', 'Sin direccion', NULL, NULL, '$2y$10$kAoLmqwUxwHQYT5Z9AJYIuLJU.TeuQmqGCPhwAt.T.ImVrgjpimHC', 6, 141, '', '2022-11-10 18:26:29', '2022-11-15 15:43:37'),
(312, 'Diana Marcela Cordoba Burbano', '1085315675', '3126813411', 1, '1085315675@defaultmail.com', 'dist/img/user-default-min.jpg', 'Pasto', NULL, NULL, '$2y$10$A2Nlehvuhv0yLgOIfgwHaupKxNL2egKaxieKlXcTdktKWVgI93p0K', 6, 141, NULL, '2022-12-30 15:34:11', '2022-12-30 15:34:42'),
(313, 'Elizabeth Alava', '59661982', '3187658289', 1, 'Elizabethalava@gmail.com', 'dist/img/user-default-min.jpg', 'El Poblado campestre kilómetro cinco camino a Candelaria, Cali, Valle del Cauca.', NULL, NULL, '$2y$10$L7YUk2WUWB/FRZ/TiMPcGeUrKfPqB0I1N6wMS.D5Au5Jg89ND65pu', 6, 141, NULL, '2022-12-30 15:43:07', '2022-12-30 15:43:24'),
(314, 'Evelyn Salazar', '1085339549', '3158802000', 1, '1085339549@defaultmail.com', 'dist/img/user-default-min.jpg', 'Pasto', NULL, NULL, '$2y$10$zS8.HWU5ymNZhVSs6/BBaemr2IfFcwt2kR1B5MncmlYzzt/bDGqzG', 6, 141, NULL, '2022-12-30 15:45:00', '2022-12-30 15:45:12'),
(315, 'Nayla Ortiz', '23082022', '3233955006', 1, '23082022@defaultmail.com', 'dist/img/user-default-min.jpg', 'Pasto', NULL, NULL, '$2y$10$af1uAmkkpwGoFsgU9KRhB.mj1nwf8ptxllspndqZsjRq2NkhEh1lK', 6, 141, NULL, '2022-12-30 15:49:44', '2022-12-30 15:49:57'),
(316, 'María del Carmen Toro', '59794408', '3168190662', 1, 'mariatoro0662@defaultgmail.com', 'dist/img/user-default-min.jpg', 'Pasto', NULL, NULL, '$2y$10$av5zohhShDPScp6suYnER.lhrbcc4JTRyc6Cj51OSTb8FNgQHkZ16', 6, 141, NULL, '2022-12-30 16:22:18', '2022-12-30 16:22:30'),
(317, 'Yeraldin Cuero', '1087132836', '3157350121', 1, 'geraldincuero22@gmail.com', 'dist/img/user-default-min.jpg', 'Barrio San Felipe entrada al Motel Puertas del Sol', NULL, NULL, '$2y$10$Hfsyi9/YYBWJu0MB0Hxefeq5uncyaoSB1Pq/xX7p3zWO7L1zwxJxe', 6, 141, NULL, '2022-12-30 16:25:14', '2022-12-30 16:26:01'),
(318, 'Xiomara Yeraldin Herrera Benavides', '1004690076', '3103987781', 1, '1004690076@defaultmail.com', 'dist/img/user-default-min.jpg', 'Calle 2C Numero 95B-37 Melendez, Cali, Valle del Caluca', NULL, NULL, '$2y$10$hLKMaSF4ZrEPQuhN8U46WefG0OsOKkKoUKtvmzW7w6eYJSOJRyb8S', 6, 141, NULL, '2023-01-10 20:11:44', '2023-01-10 20:11:57'),
(319, 'Marisel Estacio', '36835424', '3162132948', 1, '36835424@defaultmail.com', 'dist/img/user-default-min.jpg', 'Salahonda, Francisco Pizarro', NULL, NULL, '$2y$10$3LMF6G2aqpv6hue0ZaCNE.NHh8g76u02hw5A.fUFqxLFmuxrH3Iee', 6, 141, NULL, '2023-01-10 20:17:27', '2023-01-10 20:17:50'),
(320, 'Informe de contexto - Francisco Pizarro', '22222222', '222222222', 1, 'franciscopizarro@defaultmail.com', 'dist/img/user-default-min.jpg', 'Francisco Pizarro, Pacifico Sur, Nariño', NULL, NULL, '$2y$10$vbe6wlqeMIILXNViS0SoJuXCkpyRCjItGmUTUOA4nHKA3hyAmuFJC', 6, 141, NULL, '2023-01-10 20:21:35', '2023-01-10 20:21:56'),
(321, 'Flor de María Barreiro Pérez', '59672760', '3113004986', 1, 'barreiroperezflormaria@gmail.com', 'dist/img/user-default-min.jpg', 'Cali, Valle del Cauca', NULL, NULL, '$2y$10$plPFyDOwrFkih4SbkMdRbuIwnWFZLbGo/7vFnqbWWUv.swY0yZuTS', 6, 141, NULL, '2023-01-10 20:38:30', '2023-01-10 20:38:44'),
(322, 'Omaira Taicus', '36861113', '3104384482', 1, '36861113@defaultmail.com', 'dist/img/user-default-min.jpg', 'Altaquer', NULL, NULL, '$2y$10$o4TZhO0aGtxv3Qkejjb.3OkDqAjApKmuBOf0Y8cXHcPpGRHVgAmQO', 6, 141, NULL, '2023-01-10 20:42:00', '2023-01-10 20:45:30'),
(323, 'Prueba2', '12345678', '3107321638', 1, 'prueba2@gmail.com', 'dist/img/user-default-min.jpg', 'Sin direccion', NULL, NULL, '$2y$10$ias55e6D3rc57U7CCAebV.gXko68X9saT9CtI83oGAJa/81ta9Iu2', 6, 141, '', '2023-01-13 16:58:14', '2023-01-13 16:58:52'),
(324, 'prueba 3', '90807060', '3107321638', 1, 'prueba3@gmail.com', 'dist/img/user-default-min.jpg', 'Sin direccion', NULL, NULL, '$2y$10$6mKNFySDlqho.akxueOQuuY9L3pbelwBpoFacmsTYo0eJ5q6ufcmq', 6, 141, '$2y$10$zCmB1IBiKkwGw6.cg7Pl.ODdGCQA7JwK9yusx7wxeNWsn2ibIhGW', '2023-01-13 17:02:29', '2023-01-13 17:03:27');



INSERT INTO `model_has_roles` (`role_id`, `model_type`, `model_id`) VALUES
(1, 'App\\Models\\User', 1),
(1, 'App\\Models\\User', 2),
(2, 'App\\Models\\User', 53),
(2, 'App\\Models\\User', 54),
(2, 'App\\Models\\User', 287),
(3, 'App\\Models\\User', 154),
(3, 'App\\Models\\User', 183),
(5, 'App\\Models\\User', 64),
(5, 'App\\Models\\User', 65),
(5, 'App\\Models\\User', 66),
(5, 'App\\Models\\User', 69),
(5, 'App\\Models\\User', 77),
(5, 'App\\Models\\User', 78),
(5, 'App\\Models\\User', 79),
(5, 'App\\Models\\User', 80),
(5, 'App\\Models\\User', 81),
(5, 'App\\Models\\User', 82),
(5, 'App\\Models\\User', 83),
(5, 'App\\Models\\User', 84),
(5, 'App\\Models\\User', 85),
(5, 'App\\Models\\User', 86),
(5, 'App\\Models\\User', 87),
(5, 'App\\Models\\User', 88),
(5, 'App\\Models\\User', 89),
(5, 'App\\Models\\User', 90),
(5, 'App\\Models\\User', 91),
(5, 'App\\Models\\User', 92),
(5, 'App\\Models\\User', 93),
(5, 'App\\Models\\User', 94),
(5, 'App\\Models\\User', 95),
(5, 'App\\Models\\User', 96),
(5, 'App\\Models\\User', 97),
(5, 'App\\Models\\User', 98),
(5, 'App\\Models\\User', 99),
(5, 'App\\Models\\User', 100),
(5, 'App\\Models\\User', 101),
(5, 'App\\Models\\User', 102),
(5, 'App\\Models\\User', 103),
(5, 'App\\Models\\User', 104),
(5, 'App\\Models\\User', 105),
(5, 'App\\Models\\User', 106),
(5, 'App\\Models\\User', 107),
(5, 'App\\Models\\User', 108),
(5, 'App\\Models\\User', 109),
(5, 'App\\Models\\User', 110),
(5, 'App\\Models\\User', 111),
(5, 'App\\Models\\User', 112),
(5, 'App\\Models\\User', 113),
(5, 'App\\Models\\User', 114),
(5, 'App\\Models\\User', 115),
(5, 'App\\Models\\User', 116),
(5, 'App\\Models\\User', 117),
(5, 'App\\Models\\User', 118),
(5, 'App\\Models\\User', 119),
(5, 'App\\Models\\User', 120),
(5, 'App\\Models\\User', 121),
(5, 'App\\Models\\User', 122),
(5, 'App\\Models\\User', 123),
(5, 'App\\Models\\User', 124),
(5, 'App\\Models\\User', 125),
(5, 'App\\Models\\User', 126),
(5, 'App\\Models\\User', 127),
(5, 'App\\Models\\User', 128),
(5, 'App\\Models\\User', 129),
(5, 'App\\Models\\User', 130),
(5, 'App\\Models\\User', 131),
(5, 'App\\Models\\User', 132),
(5, 'App\\Models\\User', 133),
(5, 'App\\Models\\User', 134),
(5, 'App\\Models\\User', 135),
(5, 'App\\Models\\User', 136),
(5, 'App\\Models\\User', 137),
(5, 'App\\Models\\User', 138),
(5, 'App\\Models\\User', 139),
(5, 'App\\Models\\User', 140),
(5, 'App\\Models\\User', 141),
(5, 'App\\Models\\User', 142),
(5, 'App\\Models\\User', 143),
(5, 'App\\Models\\User', 144),
(5, 'App\\Models\\User', 145),
(5, 'App\\Models\\User', 146),
(5, 'App\\Models\\User', 147),
(5, 'App\\Models\\User', 148),
(5, 'App\\Models\\User', 149),
(5, 'App\\Models\\User', 150),
(5, 'App\\Models\\User', 151),
(5, 'App\\Models\\User', 152),
(5, 'App\\Models\\User', 153),
(5, 'App\\Models\\User', 155),
(5, 'App\\Models\\User', 156),
(5, 'App\\Models\\User', 157),
(5, 'App\\Models\\User', 158),
(5, 'App\\Models\\User', 159),
(5, 'App\\Models\\User', 160),
(5, 'App\\Models\\User', 161),
(5, 'App\\Models\\User', 162),
(5, 'App\\Models\\User', 163),
(5, 'App\\Models\\User', 164),
(5, 'App\\Models\\User', 165),
(5, 'App\\Models\\User', 166),
(5, 'App\\Models\\User', 167),
(5, 'App\\Models\\User', 168),
(5, 'App\\Models\\User', 169),
(5, 'App\\Models\\User', 170),
(5, 'App\\Models\\User', 171),
(5, 'App\\Models\\User', 172),
(5, 'App\\Models\\User', 173),
(5, 'App\\Models\\User', 174),
(5, 'App\\Models\\User', 175),
(5, 'App\\Models\\User', 176),
(5, 'App\\Models\\User', 177),
(5, 'App\\Models\\User', 178),
(5, 'App\\Models\\User', 179),
(5, 'App\\Models\\User', 180),
(5, 'App\\Models\\User', 181),
(5, 'App\\Models\\User', 182),
(5, 'App\\Models\\User', 184),
(5, 'App\\Models\\User', 185),
(5, 'App\\Models\\User', 186),
(5, 'App\\Models\\User', 187),
(5, 'App\\Models\\User', 188),
(5, 'App\\Models\\User', 189),
(5, 'App\\Models\\User', 190),
(5, 'App\\Models\\User', 191),
(5, 'App\\Models\\User', 192),
(5, 'App\\Models\\User', 193),
(5, 'App\\Models\\User', 194),
(5, 'App\\Models\\User', 195),
(5, 'App\\Models\\User', 196),
(5, 'App\\Models\\User', 197),
(5, 'App\\Models\\User', 198),
(5, 'App\\Models\\User', 199),
(5, 'App\\Models\\User', 200),
(5, 'App\\Models\\User', 201),
(5, 'App\\Models\\User', 202),
(5, 'App\\Models\\User', 203),
(5, 'App\\Models\\User', 204),
(5, 'App\\Models\\User', 205),
(5, 'App\\Models\\User', 206),
(5, 'App\\Models\\User', 207),
(5, 'App\\Models\\User', 208),
(5, 'App\\Models\\User', 209),
(5, 'App\\Models\\User', 210),
(5, 'App\\Models\\User', 211),
(5, 'App\\Models\\User', 212),
(5, 'App\\Models\\User', 213),
(5, 'App\\Models\\User', 214),
(5, 'App\\Models\\User', 215),
(5, 'App\\Models\\User', 216),
(5, 'App\\Models\\User', 217),
(5, 'App\\Models\\User', 218),
(5, 'App\\Models\\User', 219),
(5, 'App\\Models\\User', 220),
(5, 'App\\Models\\User', 221),
(5, 'App\\Models\\User', 222),
(5, 'App\\Models\\User', 223),
(5, 'App\\Models\\User', 224),
(5, 'App\\Models\\User', 225),
(5, 'App\\Models\\User', 226),
(5, 'App\\Models\\User', 227),
(5, 'App\\Models\\User', 228),
(5, 'App\\Models\\User', 229),
(5, 'App\\Models\\User', 230),
(5, 'App\\Models\\User', 231),
(5, 'App\\Models\\User', 232),
(5, 'App\\Models\\User', 233),
(5, 'App\\Models\\User', 234),
(5, 'App\\Models\\User', 235),
(5, 'App\\Models\\User', 236),
(5, 'App\\Models\\User', 237),
(5, 'App\\Models\\User', 238),
(5, 'App\\Models\\User', 239),
(5, 'App\\Models\\User', 240),
(5, 'App\\Models\\User', 241),
(5, 'App\\Models\\User', 242),
(5, 'App\\Models\\User', 243),
(5, 'App\\Models\\User', 244),
(5, 'App\\Models\\User', 245),
(5, 'App\\Models\\User', 246),
(5, 'App\\Models\\User', 247),
(5, 'App\\Models\\User', 248),
(5, 'App\\Models\\User', 249),
(5, 'App\\Models\\User', 250),
(5, 'App\\Models\\User', 251),
(5, 'App\\Models\\User', 252),
(5, 'App\\Models\\User', 253),
(5, 'App\\Models\\User', 254),
(5, 'App\\Models\\User', 255),
(5, 'App\\Models\\User', 256),
(5, 'App\\Models\\User', 257),
(5, 'App\\Models\\User', 258),
(5, 'App\\Models\\User', 259),
(5, 'App\\Models\\User', 260),
(5, 'App\\Models\\User', 261),
(5, 'App\\Models\\User', 262),
(5, 'App\\Models\\User', 263),
(5, 'App\\Models\\User', 264),
(5, 'App\\Models\\User', 265),
(5, 'App\\Models\\User', 266),
(5, 'App\\Models\\User', 267),
(5, 'App\\Models\\User', 268),
(5, 'App\\Models\\User', 269),
(5, 'App\\Models\\User', 270),
(5, 'App\\Models\\User', 271),
(5, 'App\\Models\\User', 272),
(5, 'App\\Models\\User', 273),
(5, 'App\\Models\\User', 274),
(5, 'App\\Models\\User', 275),
(5, 'App\\Models\\User', 276),
(5, 'App\\Models\\User', 277),
(5, 'App\\Models\\User', 278),
(5, 'App\\Models\\User', 279),
(5, 'App\\Models\\User', 280),
(5, 'App\\Models\\User', 281),
(5, 'App\\Models\\User', 282),
(5, 'App\\Models\\User', 283),
(5, 'App\\Models\\User', 284),
(5, 'App\\Models\\User', 285),
(5, 'App\\Models\\User', 286),
(5, 'App\\Models\\User', 288),
(5, 'App\\Models\\User', 289),
(5, 'App\\Models\\User', 290),
(5, 'App\\Models\\User', 291),
(5, 'App\\Models\\User', 292),
(5, 'App\\Models\\User', 293),
(5, 'App\\Models\\User', 295),
(5, 'App\\Models\\User', 296),
(5, 'App\\Models\\User', 297),
(5, 'App\\Models\\User', 298),
(5, 'App\\Models\\User', 299),
(5, 'App\\Models\\User', 300),
(5, 'App\\Models\\User', 301),
(5, 'App\\Models\\User', 302),
(5, 'App\\Models\\User', 303),
(5, 'App\\Models\\User', 304),
(5, 'App\\Models\\User', 305),
(5, 'App\\Models\\User', 306),
(5, 'App\\Models\\User', 307),
(5, 'App\\Models\\User', 308),
(5, 'App\\Models\\User', 309),
(5, 'App\\Models\\User', 310),
(5, 'App\\Models\\User', 311),
(5, 'App\\Models\\User', 312),
(5, 'App\\Models\\User', 313),
(5, 'App\\Models\\User', 314),
(5, 'App\\Models\\User', 315),
(5, 'App\\Models\\User', 316),
(5, 'App\\Models\\User', 317),
(5, 'App\\Models\\User', 318),
(5, 'App\\Models\\User', 319),
(5, 'App\\Models\\User', 320),
(5, 'App\\Models\\User', 321),
(5, 'App\\Models\\User', 322),
(5, 'App\\Models\\User', 323),
(5, 'App\\Models\\User', 324);
